NGA,PolID,Time,PolPop,PolTerr,CapPop,levels,government,infrastr,writing,texts,money,SPC1,MG_corr,PC1,PC2
Big Island Hawaii,Hawaii1,1000,3.854914489,4.111758782,2.282858352,-0.653776667,0.090909091,0.1,0.1,0.1,1.8,0.203229486,0,-4.571700452352428,0.1220878690585777
Big Island Hawaii,Hawaii2,1200,3.75060626,3.337475493,3.36341585,1.060611058,0.090909091,0.090909091,0.15,0.0,1.8,0.222844566,0,-4.177695860627621,0.5281112617486803
Big Island Hawaii,Hawaii2,1300,4.065672773,3.337475493,3.429544945,0.943410065,0.090909091,0.090909091,0.15,0.0,1.8,0.228982281,0,-4.109171646358286,0.5976657691607201
Big Island Hawaii,Hawaii2,1400,4.192463943,3.337475493,3.584462782,1.99312972,0.090909091,0.181818182,0.15,0.0,1.8,0.258405039,0,-3.754628083170349,0.7725989867807143
Big Island Hawaii,Hawaii2,1500,4.59984655,3.337475493,3.807048415,4.564235725,0.172727273,0.181818182,0.15,0.0,1.8,0.293129012,0,-3.0717599297933598,1.25914043351474
Big Island Hawaii,Hawaii2,1600,4.44099749,3.337475493,2.308375277,2.584891736,0.09,0.1,0.15,0.0,1.8,0.229290002,0,-4.072272806921074,0.5576320097380464
Big Island Hawaii,Hawaii3,1700,5.011751688,3.973290061,3.44276639,3.153203776,0.227272727,0.245454545,0.166666667,0.0,1.8,0.346094981,0,-3.060497153289418,1.0732514934282658
Big Island Hawaii,USKameh,1800,5.192030874,4.226198808,4.363032781,3.534542845,0.35,0.172727273,0.166666667,0.0,1.8,0.366662367,1,-2.5799932934218615,1.4898148018964
Cahokia,USMisEW,-600,1.575337561,2.41821802,1.638345756,1.0,0.0,0.083333333,0.0,0.0,1.0,0.043114652,0,-5.768230271754868,-0.4047718369054869
Cahokia,USMisMW,-100,1.675278294,2.731240875,1.621727983,1.156675205,0.0,0.083333333,0.0,0.0,1.0,0.046976795,0,-5.659272176934881,-0.2758288818946637
Cahokia,USMisRo,300,1.713009956,1.358593683,1.608544812,1.0,0.0,0.083333333,0.0,0.0,1.0,0.045578417,0,-5.967497007430516,-0.6873310963899955
Cahokia,USMisMu,500,1.566841286,1.108638682,1.569398585,1.0,0.0,0.091666667,0.0,0.0,1.0,0.042530645,0,-6.054093863423047,-0.8079837679605064
Cahokia,USMisPa,600,1.690699792,1.017905485,1.658622278,1.333333333,0.0,0.091666667,0.0,0.0,1.0,0.053167049,0,-5.9616060477966135,-0.7267953774946108
Cahokia,USMisSp,800,2.633771127,2.226372274,2.643897272,1.666666667,0.0,0.1,0.0,0.0,1.0,0.128411361,0,-5.1413687894005315,0.18402484957957574
Cahokia,USMisME,900,2.633363734,2.021901578,2.688580786,1.666666667,0.2,0.316666667,0.0,0.0,1.8,0.183810499,0,-4.584577987252142,-0.2748039447523959
Cahokia,USMisME,1000,2.633363734,2.021901578,2.688580786,2.333333333,0.2,0.316666667,0.0,0.0,1.8,0.19578955,0,-4.469643729098712,-0.17126230541484555
Cahokia,USCahoE,1100,4.609442928,3.428303096,4.180249672,3.036103912,0.333333333,0.325,0.0,0.0,1.8,0.336226009,0,-3.0302234249878146,1.1199466205585802
Cahokia,USCahoL,1200,4.683330595,3.476843981,4.07801203,3.049853764,0.333333333,0.325,0.0,0.0,1.8,0.336125083,0,-3.032351777354747,1.117842908124799
Cahokia,USMisSd,1300,4.153429812,2.782404093,3.747557142,2.666666667,0.333333333,0.263636364,0.0,0.0,1.8,0.289695349,0,-3.525016848672612,0.6853309613961038
Cahokia,USOneot,1400,3.212568892,2.669039005,2.301029996,1.40022926,0.083333333,0.3125,0.1,0.1,1.8,0.183327055,0,-4.4282219317590314,-0.24487015707704607
Cahokia,USOneot,1600,3.256035156,2.58814124,3.370072207,1.40022926,0.083333333,0.3125,0.1,0.1,1.8,0.241195336,0,-4.114115627688812,0.09201530454795025
Cahokia,USIllin,1700,4.023101837,4.230093474,2.885098204,1.666666667,0.04,0.233333333,0.4,0.1,1.8,0.287967344,0,-3.5380304829222884,0.3156011718917359
Cambodian Basin,KhFunaE,300,6.235248773,5.409990575,3.301029996,2.666666667,0.618181818,0.977777778,1.0,1.0,4.0,0.673645867,1,0.6266513929353061,-1.3904382854029913
Cambodian Basin,KhFunaL,600,5.254599225,5.421932813,3.301029996,2.857822693,0.61,0.888888889,1.0,1.0,4.0,0.664762288,1,0.342360396403227,-1.4917663964508763
Cambodian Basin,KhChenl,700,6.393323032,5.725094521,4.77815125,4.0,0.79,0.888888889,1.0,0.985714286,3.0,0.753939739,1,1.2865384920053047,-0.5431210748425558
Cambodian Basin,KhChenl,800,6.311088695,5.725094521,5.477121255,4.0,0.79,0.888888889,1.0,0.985714286,3.0,0.783000327,1,1.478731840896439,-0.33099848354033473
Cambodian Basin,KhAngkE,900,6.932781045,5.962296868,5.602059991,5.333333333,0.836363636,0.916666667,1.0,0.9875,4.0,0.844608618,1,2.1916124388110623,-0.053081047373283244
Cambodian Basin,KhAngkE,1000,6.089213309,5.962296868,4.949478934,5.333333333,0.836363636,0.916666667,1.0,0.9875,4.0,0.828655743,1,1.8110662854424118,-0.44408632822301547
Cambodian Basin,KhAngkC,1100,6.176091259,5.972778892,5.940407318,5.666666667,0.827272727,0.916666667,1.0,0.9875,4.0,0.840908724,1,2.178349181494677,-0.038032639972549034
Cambodian Basin,KhAngkL,1300,6.176091259,5.414216291,5.924823463,5.666666667,0.827272727,0.875,1.0,0.975,3.6,0.812885255,1,1.9292774609029768,-0.11910281897869131
Cambodian Basin,KhCambd,1500,5.959545876,5.446608612,4.563803737,6.666666667,0.827272727,0.916666667,1.0,0.9875,4.0,0.810691153,1,1.7800848817008104,-0.5296335345006218
Cambodian Basin,ThAyuth,1600,6.893139415,5.186462899,5.190331698,5.333333333,0.554545455,0.877777778,1.0,0.95,5.0,0.806050671,1,1.7173384129067963,-0.21839976094549898
Cambodian Basin,ThAyuth,1700,7.074097606,4.459819292,5.190331698,5.333333333,0.554545455,0.888888889,1.0,0.95,5.0,0.806732635,1,1.6178816165313679,-0.39532251621425
Cambodian Basin,ThRattn,1800,6.678242172,5.710218943,5.04826479,5.5,0.554545455,0.866666667,1.0,1.0,5.0,0.797298612,1,1.7943455956233676,-0.16934450479427046
Central Java,IdMedng,800,5.473757613,5.091726252,3.0,3.206344551,0.825,0.866666667,0.816666667,0.96,5.0,0.669788918,1,0.4529692207920857,-1.5947247775868643
Central Java,IdMedng,900,5.473757613,5.091726252,3.0,3.539677884,0.825,0.866666667,0.816666667,0.96,5.0,0.675778444,1,0.510436349868801,-1.542953957918089
Central Java,IdKedir,1100,5.434673806,4.825109165,4.931537774,4.333333333,0.8375,0.866666667,0.816666667,0.94,5.0,0.713342492,1,1.1603575298962332,-0.8639347307807825
Central Java,IdKedir,1200,5.396515931,4.825109165,5.429641968,4.333333333,0.8375,0.866666667,0.816666667,0.94,5.0,0.725270514,1,1.3017869065957806,-0.7084842448777745
Central Java,IdMajap,1300,6.698970004,5.698970004,5.03406164,4.333333333,0.89,0.95,0.816666667,0.95,4.0,0.788712149,1,1.6210789425155339,-0.3245401199378351
Central Java,IdMatrm,1600,6.530916072,5.002233554,4.723072025,4.333333333,0.977777778,0.955555556,0.816666667,0.933333333,4.5,0.776242529,1,1.5185673534588875,-0.7795756028600351
Chuuk Islands,FmTrukE,1800,1.286263129,1.376246612,2.281118701,2.0,0.0,0.083333333,0.166666667,0.0,1.0,0.157600614,1,-5.517104598783112,-0.6078081520532306
Chuuk Islands,FmTrukL,1900,3.963787827,2.104487111,3.130359889,3.0,0.609090909,0.35,0.816666667,0.3625,6.0,0.473466429,1,-1.5903732113907734,-1.7917052056818685
Cuzco,PeCuzLF,100,5.006244943,2.627266386,3.206326784,3.0,0.1,0.18,0.0,0.0,0.0,0.257786112,0,-4.132015955387122,1.1486190247386145
Cuzco,PeCuzE1,200,3.736847342,2.857194912,3.399389503,3.0,0.1,0.214285714,0.0,0.0,0.3,0.219697698,0,-4.211766732209785,0.9547304907784324
Cuzco,PeCuzE1,300,4.387130881,2.905610523,2.403422192,3.0,0.1,0.214285714,0.0,0.0,0.3,0.212864496,0,-4.359063060919731,0.7780300986218431
Cuzco,PeCuzE1,400,3.310423171,3.0,3.353103202,3.0,0.1,0.214285714,0.0,0.0,0.3,0.224014201,0,-4.289161728882229,0.8907896581456229
Cuzco,PeCuzE2,500,3.984736073,3.0,3.367428998,3.0,0.1,0.18,0.0,0.0,0.3,0.215498041,0,-4.1749520375771745,1.0615784979671117
Cuzco,PeWari*,700,5.494946076,4.428670157,4.511873422,3.740571622,0.52,0.7625,0.166666667,0.0125,1.0,0.486610167,0,-1.7080293865416745,1.1930712971528252
Cuzco,PeCuzL1,1000,4.058377152,2.747687659,3.919992609,4.0,0.1,0.44,0.028571429,0.0,1.0,0.296282676,0,-3.4337623889381885,1.0437918329392675
Cuzco,PeCuzL2,1300,4.400131952,3.373532691,4.658418296,4.0,0.41,0.61,0.033333333,0.0,1.0,0.374144584,0,-2.499519827746011,1.1374285318051214
Cuzco,PeInca*,1400,7.331048374,6.105330115,4.67839363,5.591314254,0.581818182,0.758333333,0.428571429,0.0,1.8,0.594645533,0,-0.13591310812457957,1.9390377453778702
Cuzco,PeInca*,1500,6.871990775,6.105330115,4.67839363,5.591314254,0.581818182,0.758333333,0.428571429,0.0,1.8,0.602291323,0,-0.23622366040131293,1.842791055720573
Deccan,InDecNL,-2700,2.731671917,2.649571367,3.150523563,0.666666667,0.1,0.175,0.1,0.1,0.9,0.155156678,0,-4.704468773568571,-0.006299984145609273
Deccan,InDecIA,-1200,2.88219596,1.45245181,2.750974736,1.0,0.1,0.388888889,0.233333333,0.1,0.9,0.19601325,0,-4.617361334218725,-0.718656127049081
Deccan,InDecIA,-900,4.065630225,4.132253684,3.43955943,1.467170232,0.1,0.388888889,0.233333333,0.1,0.9,0.270681727,0,-3.513815343313165,0.5908409719148622
Deccan,InDecIA,-500,4.352501164,4.034543064,3.857822,2.0,0.1,0.388888889,0.233333333,0.1,0.9,0.309011591,0,-3.2538310573558373,0.8431774714388058
Deccan,InMaury,-300,7.255272505,6.602059991,5.431363764,6.0,0.8,0.966666667,0.816666667,0.971428571,5.0,0.865241805,1,2.462122755367491,0.38050460864610675
Deccan,InDecKg,-200,4.352501164,4.034543064,3.857822,2.0,0.1,0.388888889,0.233333333,0.1,0.9,0.309011591,1,-3.2538310573558373,0.8431774714388058
Deccan,InSataL,-100,6.894929782,6.097952672,4.924279286,4.400534247,0.581818182,0.777777778,0.975,0.842857143,5.0,0.772670602,1,1.4721974644399693,-0.02003309763007202
Deccan,InSataL,0,6.871929224,6.097952672,4.924279286,4.400534247,0.581818182,0.777777778,0.975,0.842857143,5.0,0.773019348,1,1.4671715185005512,-0.02485542836284507
Deccan,InSataL,100,6.918139358,6.097952672,4.924279286,4.400534247,0.581818182,0.777777778,0.975,0.842857143,5.0,0.773918073,1,1.4772690837568927,-0.015166943876783549
Deccan,InSataL,200,6.929612322,6.179157091,4.924279286,4.400534247,0.581818182,0.777777778,0.975,0.842857143,5.0,0.775743407,1,1.4966656750221838,0.010355075005069688
Deccan,InVakat,300,6.83906131,5.971303778,4.798594766,4.957815709,0.8625,0.666666667,0.78,0.983333333,5.0,0.784964952,1,1.5797420460739002,-0.05743443786917718
Deccan,InKadam,500,5.809260812,4.907332191,4.168930777,5.172269485,0.625,0.7125,0.925,0.94,5.0,0.722242598,1,0.8964645640383888,-0.7236419074731358
Deccan,InChaBd,600,6.452746054,5.875061263,4.84509804,4.989084762,0.9,0.744444444,0.975,0.95,5.0,0.804720855,1,1.7839914820826592,-0.454334512118825
Deccan,InChaBd,700,6.799946183,5.875061263,4.84509804,4.989084762,0.9,0.744444444,0.975,0.95,5.0,0.811569213,1,1.859859601391459,-0.38154002371991574
Deccan,InRasht,800,6.771876373,5.77815125,5.0,5.102626565,0.79,0.777777778,0.975,0.875,3.6,0.79323038,1,1.5084587953070336,-0.06281351321748717
Deccan,InRasht,900,6.76033535,5.77815125,5.0,5.102626565,0.79,0.777777778,0.975,0.875,3.6,0.794156053,1,1.5059369191993508,-0.06523322103068617
Deccan,InChaKl,1000,6.868756583,6.566966295,4.784078476,5.070268124,0.866666667,0.7125,0.975,0.975,5.0,0.819299087,1,1.9660548471101587,-0.1466479190949383
Deccan,InHoysa,1200,6.269917682,5.127319363,5.096910013,4.289529137,0.733333333,0.916666667,0.9,0.9625,5.0,0.776915049,1,1.4971793499217916,-0.6257048804140087
Deccan,InKampi,1300,5.803963086,4.406782381,3.276168294,3.956549117,0.9125,0.766666667,0.766666667,0.9625,5.0,0.689394339,1,0.5277483749543251,-1.4559486506353698
Deccan,InVijay,1400,7.397940009,5.549200961,5.0,4.776099468,0.9,0.977777778,0.8,0.971428571,5.0,0.823461921,1,2.031465634307827,-0.2948097048675196
Deccan,InVijay,1500,7.397940009,5.549200961,5.345319697,4.776099468,0.9,0.977777778,0.8,0.971428571,5.0,0.832823656,1,2.135294586644161,-0.18149455020799926
Deccan,InVijay,1600,7.397940009,5.549200961,5.461400424,4.776099468,0.9,0.977777778,0.8,0.971428571,5.0,0.832811869,1,2.1701971432476723,-0.14340316518922186
Deccan,InMugl*,1700,8.125755834,6.654004924,5.971184091,5.666666667,0.972727273,0.89,0.833333333,0.975,5.0,0.894917238,1,2.8803440597953136,0.5838119447695708
Finger Lakes,UsIroqE,1600,3.740362689,5.0,3.477121255,2.666666667,0.0,0.083333333,0.333333333,0.0,2.0,0.291457107,0,-3.406216801281502,1.116124201927934
Finger Lakes,UsIroqE,1700,4.991165095,5.0,3.477121255,2.666666667,0.0,0.083333333,0.333333333,0.0,2.0,0.314425964,0,-3.132898855106022,1.3783692693336975
Garo Hills,InGaroE,1800,3.332591293,3.475933774,3.428808251,1.666666667,0.0,0.083333333,0.333333333,0.0,1.0,0.216504642,0,-4.180284426288626,0.531742902777877
Ghanaian Coast,GhAshnE,1600,6.020136727,1.76921903,4.519068002,4.0,0.172727273,0.325,0.333333333,0.0,3.0,0.41954842,1,-2.4152657127311294,0.7926882892478605
Ghanaian Coast,GhAshnL,1800,6.599659588,5.796741471,4.130333768,5.333333333,0.454545455,0.408333333,1.0,0.375,3.0,0.623383502,1,0.011188219175980696,0.6696593628040127
Iceland,IsCommw,1000,4.380242342,5.012837225,2.399056977,2.333333333,0.122222222,0.0,0.6,0.0125,4.0,0.337468168,1,-2.974442070016272,0.23993832176092686
Iceland,IsCommw,1100,4.491361694,5.012837225,2.399056977,2.666666667,0.233333333,0.0,0.8,0.3625,4.0,0.404175293,1,-2.29263710621594,-0.33202343842396365
Iceland,IsCommw,1200,4.547767422,5.012837225,2.399056977,2.666666667,0.233333333,0.0,1.0,0.9875,4.0,0.473477614,1,-1.5675592188968097,-1.1029291562064836
Iceland,NorKing,1300,4.712629374,5.012837225,2.438865198,3.666666667,0.554545455,0.016666667,1.0,0.9875,4.0,0.528582535,1,-1.000514064484763,-1.1916690343601635
Kachi Plain,PkAcerN,-7500,1.13910982,0.540739576,2.664469895,0.494328697,0.027272727,0.275,0.0,0.0,1.8,0.157367633,0,-5.650644035270186,-1.01930873902319
Kachi Plain,PkCeraN,-5500,2.965826554,1.803886088,2.614179438,0.52314742,0.027272727,0.266666667,0.0,0.0,1.8,0.153641968,0,-5.008014522704265,-0.28275554178045115
Kachi Plain,PkChalc,-4000,4.521119108,2.809741812,3.421710181,1.701790573,0.1,0.341666667,0.0,0.0,1.8,0.237159943,0,-3.8566753252177484,0.660338176918106
Kachi Plain,PkPreUr,-3200,3.958213834,2.395776466,3.394592687,2.152333008,0.109090909,0.341666667,0.0,0.0,1.8,0.242889678,0,-3.986961820178485,0.47763573508863605
Kachi Plain,PkUrbn1,-2500,5.14463291,5.761204749,5.0,4.0,0.62,0.866666667,0.75,0.684800047,2.7,0.679867383,0,0.33983273885842824,0.04643855222385742
Kachi Plain,PkPostU,-1800,2.699632441,2.730452451,2.937327556,1.658837166,0.333333333,0.21,0.15,0.0,2.7,0.25563096,0,-4.017690270760228,-0.30437180539272846
Kachi Plain,PkProto,-1300,5.036015226,2.161400902,3.821583148,1.198157033,0.44,0.76,0.0,0.0,0.9,0.276091959,0,-3.204014437938421,0.13471888150292055
Kachi Plain,IrAchae,-500,7.333008823,6.740362689,5.301029996,6.185276146,0.972727273,0.891666667,0.828571429,0.925,5.0,0.887021376,1,2.5689385052957077,0.3499448759409099
Kachi Plain,IrAchae,-400,7.452026836,6.579783597,5.301029996,6.185276146,0.972727273,0.891666667,0.828571429,0.925,5.0,0.884931562,1,2.561547009930685,0.3291860827755962
Kachi Plain,InMaury,-300,7.255272505,6.602059991,5.431363764,6.0,0.8,0.966666667,0.816666667,0.971428571,5.0,0.865241805,1,2.462122755367491,0.38050460864610675
Kachi Plain,PkIndGr,-100,6.529984206,5.022123062,3.677737151,3.901745428,0.955555556,0.942857143,0.82,0.9,5.0,0.761260892,1,1.1635963160597862,-1.1847964530891826
Kachi Plain,IrPart1,0,6.875061263,6.477121255,5.602059991,5.595866645,0.677777778,0.916666667,0.816666667,0.9875,5.0,0.836338546,1,2.1683502147465084,0.3873352424017999
Kachi Plain,AfKushn,100,7.003287767,6.313878326,5.176091259,4.476041328,0.777777778,0.809090909,0.833333333,1.0,5.0,0.810552424,1,1.8528659137452923,0.012741773022166726
Kachi Plain,AfKushn,200,6.884435557,6.371437475,5.0,4.476041328,0.777777778,0.809090909,0.833333333,1.0,5.0,0.806141972,1,1.7859204587740176,-0.0535750885136036
Kachi Plain,IrSasn1,300,6.698970004,6.424901758,5.0,6.684503355,0.545454545,0.9,0.771428571,0.925,5.0,0.806545958,1,1.8758498372885535,0.5446699088249463
Kachi Plain,IrSasn1,400,6.698970004,6.499665679,5.397940009,6.684503355,0.545454545,0.9,0.771428571,0.925,5.0,0.819902671,1,2.0110504320425995,0.6965353441564656
Kachi Plain,AfHepht,500,7.423245874,6.453379061,4.963703794,3.807663394,0.585714286,0.914285714,0.816666667,1.0,5.0,0.803125862,1,1.6965210151668024,0.07961262751068478
Kachi Plain,IrSasn2,600,7.344392274,6.414973348,5.698970004,6.489439991,0.7,0.97,0.814285714,0.975,5.0,0.874001984,1,2.5094923519401826,0.5944359615645074
Kachi Plain,SyCalUm,700,7.391731577,6.954242509,5.479298043,4.864308302,0.554545455,0.908333333,0.842857143,1.0,5.0,0.841906264,1,2.1186126633824256,0.5469932953279402
Kachi Plain,IqAbbs1,800,7.489246297,6.919078092,5.84509804,6.0,0.645454545,0.908333333,0.857142857,1.0,5.0,0.8674214,1,2.545518052167251,0.7565241285353802
Kachi Plain,PkSind1,900,6.0,5.148954143,5.522043356,3.0,0.714285714,0.966666667,0.816666667,0.9625,5.0,0.721539645,1,1.3006668553453942,-0.6503413648149962
Kachi Plain,PkSind1,1000,6.0,5.148954143,4.444620332,3.0,0.666666667,0.966666667,0.816666667,0.9625,5.0,0.709890194,1,0.9280211517430281,-0.9624327634043242
Kachi Plain,PkSind1,1100,6.0,5.148954143,4.803680993,3.0,0.666666667,0.633333333,0.816666667,0.9625,5.0,0.672250038,1,0.6719370981640052,-0.6043679855854844
Kachi Plain,AfGhurd,1200,7.164965825,6.211170368,5.158787928,4.535718398,0.933333333,0.95,0.833333333,0.985714286,5.0,0.829796518,1,2.1731132275955467,-0.20392622602512855
Kachi Plain,InDelh*,1300,6.0,6.471905484,5.514574527,7.666666667,0.99,0.981818182,0.98,0.975,5.4,0.91423367,1,2.9213345444642265,-0.0631933684270497
Kachi Plain,PkSind2,1400,6.437237546,5.148954143,4.725668115,3.0,0.557142857,0.966666667,0.816666667,0.9625,5.0,0.710320076,1,0.9960768427832589,-0.6831776592508971
Kachi Plain,PkSind2,1500,6.342422681,5.148954143,5.261407303,3.0,0.557142857,0.966666667,0.816666667,0.9625,5.0,0.715172494,1,1.1364417656598438,-0.5272562016128216
Kachi Plain,InMugl*,1600,5.778340761,4.910941201,4.972523034,5.666666667,0.972727273,0.89,0.833333333,0.975,5.0,0.847881201,1,1.7045912759788044,-0.7322573125443129
Kachi Plain,InMugl*,1700,8.125755834,6.654004924,5.971184091,5.666666667,0.972727273,0.89,0.833333333,0.975,5.0,0.894917238,1,2.8803440597953136,0.5838119447695708
Kachi Plain,AfDurrn,1800,6.041573575,5.689308859,4.231180759,4.22937572,0.381818182,0.545454545,0.816666667,1.0,6.0,0.69177788,1,0.6578866148919708,-0.2652438179512883
Kansai,JpYayoi,-300,3.344739999,0.0,3.125394679,2.158343822,0.144444444,0.366666667,0.15,0.0,4.0,0.232953155,0,-4.088646033804022,-0.8935385177486738
Kansai,JpKofun,300,5.252793553,3.698758651,4.187032003,3.063673651,0.557142857,0.525,0.233333333,0.1875,4.0,0.474898734,0,-1.5952327363172407,0.3104760210487624
Kansai,JpKofun,400,5.463875952,3.698758651,4.076258406,3.368678523,0.557142857,0.525,0.333333333,0.525,4.0,0.534590675,0,-1.1528820034768885,-0.046743993902410026
Kansai,JpKofun,500,5.486327393,3.698758651,4.323918143,3.368678523,0.557142857,0.625,0.833333333,0.65,4.0,0.581717145,0,-0.3653989437209489,-0.7746300366530873
Kansai,JpAsuka,600,6.23413441,5.118778226,4.741330548,4.545572451,0.87,0.77,0.85,0.983333333,5.0,0.746240665,1,1.371919292862837,-0.6798348271155612
Kansai,JpAsuka,700,6.368928701,5.118778226,5.474630102,4.545572451,0.87,0.77,0.85,0.983333333,5.0,0.763180667,1,1.6218584867431034,-0.4109446032846849
Kansai,JpHeian,800,6.602059991,5.538920381,5.301029996,4.532506503,0.89,0.833333333,1.0,1.0,5.0,0.816838575,1,1.9578798330785547,-0.5694455090074545
Kansai,JpHeian,900,6.737128653,5.538920381,5.301029996,4.532506503,0.89,0.833333333,1.0,1.0,5.0,0.81897316,1,1.987394238482177,-0.5411268151828471
Kansai,JpHeian,1000,6.660257286,5.538920381,5.243038049,4.532506503,0.89,0.833333333,1.0,1.0,5.0,0.816802571,1,1.9531600412031855,-0.5762735836063899
Kansai,JpHeian,1100,6.764556147,5.538920381,5.243038049,4.532506503,0.89,0.833333333,1.0,1.0,5.0,0.81879064,1,1.9759508116240108,-0.5544061313996428
Kansai,JpKamak,1200,6.789821821,5.469822016,5.276922068,5.028293525,0.736363636,0.909090909,1.0,0.975,4.0,0.803606018,1,1.7867815494157129,-0.2742245421807508
Kansai,JpKamak,1300,6.776874036,5.469822016,5.116089261,5.028293525,0.736363636,0.909090909,1.0,0.975,4.0,0.802764411,1,1.7355938938994777,-0.32971577894843057
Kansai,JpAshik,1400,7.096910013,5.469822016,5.176091259,5.909872364,0.69,0.916666667,1.0,0.9875,4.0,0.819799612,1,1.9467053204718001,-0.08166534280515782
Kansai,JpSengk,1500,7.230448921,4.176091259,4.602059991,5.083770907,0.49,0.84,0.985714286,0.925,5.0,0.746661419,1,1.2189925039592815,-0.5443707072224976
Kansai,JpAzMom,1600,7.397940009,5.469822016,5.0,5.24495594,0.71,0.925,0.983333333,0.9875,5.0,0.824980001,1,2.038970809838482,-0.2879561705835692
Kansai,JpTokgw,1700,7.462397998,5.469822016,6.113943352,6.534359002,0.857142857,1.0,1.0,1.0,6.0,0.923082938,1,3.0505215788298976,-0.028719170579953525
Kansai,JpTokgw,1800,7.505149978,5.469822016,6.146128036,6.534359002,0.857142857,1.0,1.0,1.0,6.0,0.924962176,1,3.0695406141501533,-0.009194463848521581
Kapuasi Basin,IdBrokE,1700,2.698970004,1.528418235,2.698970004,1.333333333,0.0,0.008333333,0.333333333,0.0,1.0,0.14794662,1,-5.082621651950335,-0.39271508612679495
Kapuasi Basin,IdBrokL,1900,4.893989812,5.094994901,2.698970004,2.0,0.0,0.083333333,0.333333333,0.0,6.0,0.354654108,1,-2.7590893246998394,0.6016012430695932
Konya Plain,TrNeoER,-9600,3.2937241,4.138263053,1.442117519,-0.055817113,0.0,0.0,0.0,0.0,0.0,0.105088748,0,-5.548073014884124,0.38297945382319665
Konya Plain,TrNeoCR,-7000,1.529889262,4.103772969,2.890670266,1.196838046,0.0,0.0,0.2,0.0,0.0,0.13438793,0,-5.090754175661357,0.4187885886670374
Konya Plain,TrNeoLT,-6600,2.88777534,3.817997235,3.734491417,3.912507609,0.0,0.0,0.166666667,0.0,0.0,0.220490479,0,-4.164642711067293,1.363215259414475
Konya Plain,TrClcER,-6000,3.530799728,3.719748214,3.456677382,1.601010312,0.1,0.1,0.014285714,0.1,0.6,0.200311163,0,-4.275386840516797,0.9064201249637706
Konya Plain,TrClcLT,-5000,3.254571834,1.954242509,3.526991862,2.239206386,0.28,0.327272727,0.25,0.1,1.0,0.252058313,0,-3.8332549095595407,-0.19475682388991533
Konya Plain,TrBrzER,-3000,5.465397682,4.028028625,2.103537906,2.294453615,0.228571429,0.44,0.166666667,0.0,2.7,0.338266748,0,-3.123965683863082,0.3742423436830126
Konya Plain,TrBrzMD,-2000,4.895143011,4.309284982,3.958916644,2.946330783,0.36,0.777777778,0.95,1.0,2.7,0.584207148,0,-0.41647948492566583,-1.1549024640511012
Konya Plain,TrHatOK,-1600,6.016334342,4.802041988,4.047458936,4.280181205,0.875,0.766666667,0.714285714,0.833333333,3.0,0.666109699,1,0.385364172642307,-0.57479968401036
Konya Plain,TrBrzL2,-1500,5.523646943,5.191379084,4.199544712,4.333333333,0.8625,0.79,0.8,0.966666667,3.0,0.688037193,1,0.6210358354396356,-0.7367870216728817
Konya Plain,TrBrzL2,-1400,5.523646943,4.723020072,4.199544712,4.333333333,0.8625,0.79,0.8,0.966666667,3.0,0.678982186,1,0.5236225372286407,-0.8701154648650984
Konya Plain,TrHatNK,-1300,6.145872318,5.496928773,4.184149555,4.451099555,0.9,0.727272727,0.714285714,0.833333333,3.0,0.69336631,1,0.611304198641308,-0.27180052131880217
Konya Plain,TrHatNK,-1200,6.145872318,5.554301882,4.184149555,4.451099555,0.9,0.727272727,0.714285714,0.833333333,3.0,0.694619228,1,0.6232371467283814,-0.25546803468338464
Konya Plain,TrNHitt,-1100,5.169790821,2.644605105,4.122699416,3.666666667,0.916666667,0.75,0.95,0.7,2.7,0.605397714,1,-0.23728164677478103,-1.6166615035449217
Konya Plain,TrTabal,-900,5.038191807,3.566163791,4.477832357,3.410722062,0.7,0.9,0.966666667,0.9,1.0,0.600754195,1,-0.19609482773585685,-1.234412027508194
Konya Plain,TrPhryg,-800,6.111619316,5.0,4.263790133,3.731224351,0.9,0.7375,0.783333333,0.8,1.0,0.637261443,1,0.09044461876022308,-0.36088467692922166
Konya Plain,TrLydia,-600,5.708982946,5.397940009,4.331729493,4.228775426,0.74,0.925,0.78,0.971428571,5.0,0.763213754,1,1.0945669377210516,-0.7934849238757037
Konya Plain,IrAchae,-500,7.333008823,6.740362689,5.301029996,6.185276146,0.972727273,0.891666667,0.828571429,0.925,5.0,0.887021376,1,2.5689385052957077,0.3499448759409099
Konya Plain,IrAchae,-400,7.452026836,6.579783597,5.301029996,6.185276146,0.972727273,0.891666667,0.828571429,0.925,5.0,0.884931562,1,2.561547009930685,0.3291860827755962
Konya Plain,TrLysim,-300,6.402521899,5.62324929,4.751994695,4.135290295,0.725,0.83,0.816666667,0.9125,5.0,0.746792056,1,1.2720129952016164,-0.37586078845090004
Konya Plain,IrSeleu,-200,4.802415616,5.447158031,4.82525317,5.479804078,0.9875,0.9,0.828571429,0.9375,5.0,0.778294628,1,1.5168114270154656,-0.8438878476192635
Konya Plain,TrCappL,-100,5.518728332,5.113943352,4.100370253,4.0,0.6625,0.68,0.8,0.9,5.0,0.678603227,1,0.4991614872977643,-0.7466881970181173
Konya Plain,ItRomPr,0,7.698970004,6.653212514,6.032370081,8.174936886,0.645454545,0.991666667,0.833333333,1.0,5.0,0.926778876,1,3.0347094158675207,1.0942900105464186
Konya Plain,ItRomPr,100,7.721346318,6.763427994,6.059856612,8.174936886,0.645454545,0.991666667,0.833333333,1.0,5.0,0.931204977,1,3.0707870193002615,1.139376248281588
Konya Plain,ItRomPr,200,7.820478362,6.698970004,6.0,8.174936886,0.645454545,0.991666667,0.833333333,1.0,5.0,0.929826614,1,3.061044866842741,1.1221693814663987
Konya Plain,TrRomDm,300,7.764540313,6.632242167,5.903089987,7.177000769,0.827272727,0.991666667,0.833333333,0.9875,5.0,0.928458305,1,3.0093859174564948,0.7569160035081258
Konya Plain,TrERom*,400,7.176091259,6.113943352,5.477121255,7.666666667,0.909090909,0.916666667,0.983333333,1.0,5.0,0.912166058,1,2.890189431363002,0.20367957418454666
Konya Plain,TrERom*,500,7.301029996,6.161264934,5.698970004,7.666666667,0.909090909,0.916666667,0.983333333,1.0,5.0,0.922031865,1,2.9940369933543853,0.31614421765877204
Konya Plain,TrERom*,600,7.041392685,6.176091259,5.176091259,7.666666667,0.909090909,0.916666667,0.983333333,1.0,5.0,0.90158306,1,2.783169794074224,0.09434852673691398
Konya Plain,TrByzM1,700,6.653212514,5.672097858,4.903089987,7.333333333,0.909090909,0.9,0.714285714,1.0,5.0,0.841871592,1,2.1688564136679616,0.08244720792284367
Konya Plain,TrByzM1,800,6.698970004,5.716003344,5.0,7.333333333,0.909090909,0.9,0.714285714,1.0,5.0,0.846634048,1,2.2171253117432905,0.13634002786371138
Konya Plain,TrByzM2,900,6.912033131,5.785329835,5.477121255,7.507054937,0.909090909,0.916666667,0.714285714,1.0,5.0,0.862921886,1,2.469712162746811,0.3722807908993871
Konya Plain,TrByzM2,1000,7.058659801,6.06069784,5.301029996,7.507054937,0.909090909,0.916666667,0.714285714,1.0,5.0,0.877523704,1,2.506079324767655,0.42362858558867994
Konya Plain,TrRum**,1100,6.243565744,5.454894585,4.541876947,4.727597082,0.82,0.833333333,0.816666667,0.975,5.0,0.765126821,1,1.3934147520838251,-0.5720136303850389
Konya Plain,IrIlkhn,1300,6.720159303,6.579783597,5.160658852,5.501419874,0.709090909,0.9875,0.828571429,1.0,2.934952436,0.818716171,1,1.76445653740903,0.33972256615165264
Konya Plain,TrOttm1,1400,6.84509804,5.80140371,4.391203787,5.0,0.872727273,0.89,1.0,0.9375,5.0,0.808596305,1,1.8654070038534734,-0.6426905264362013
Konya Plain,TrOttm2,1500,6.954242509,6.36361198,5.450978509,5.984144382,0.981818182,0.9,1.0,1.0,5.0,0.886274244,1,2.668408528949659,-0.11416891056435001
Konya Plain,TrOttm3,1600,7.447158031,6.684486292,5.819190474,8.036426254,0.990909091,0.916666667,1.0,1.0,5.0,0.958306584,1,3.334881925842246,0.500165163706995
Konya Plain,TrOttm4,1700,7.380211242,6.673323264,5.84509804,8.327408196,0.990909091,0.916666667,1.0,1.0,5.0,0.95750208,1,3.375886772009357,0.5366457821826878
Konya Plain,TrOttm4,1800,7.380211242,7.210754347,5.755874856,8.327408196,0.990909091,0.916666667,1.0,1.0,5.0,0.947797165,1,3.4608390995503013,0.6603588733380791
Latium,ItLatCA,-3600,3.674633937,2.928588145,2.472720123,1.0,0.009090909,0.027272727,0.216666667,0.0875,0.9,0.15737526,0,-4.735558435991457,0.14793952266374855
Latium,ItLatBA,-1800,2.425008025,2.804132386,1.222921831,1.079413787,0.009090909,0.027272727,0.216666667,0.0875,0.9,0.096128156,0,-5.396596553161765,-0.5472697976952815
Latium,ItLatBA,-1200,2.87959963,1.672071746,2.254235342,1.079413787,0.009090909,0.027272727,0.216666667,0.0875,0.9,0.140222167,0,-5.222627453821118,-0.4358037716067674
Latium,ItLatIA,-1000,3.780003673,2.912764977,2.254235342,1.69583685,0.090909091,0.15,0.233333333,0.0875,1.0,0.183183681,0,-4.409219466063055,0.01039772988961019
Latium,ItLatIA,-800,3.38581496,3.633476467,2.38929643,1.69583685,0.090909091,0.15,0.233333333,0.0875,1.0,0.189265763,0,-4.304846062001099,0.17723724509313463
Latium,ItRomRg,-700,4.468556498,3.0,3.699585852,3.5240901,0.172727273,0.566666667,1.0,0.975,4.0,0.541341689,0,-0.9180399023566961,-1.4776783230616717
Latium,ItRomRg,-600,4.468556498,3.0,4.365915004,3.5240901,0.254545455,0.566666667,1.0,0.975,4.0,0.558733984,0,-0.6340303085021028,-1.330261604554693
Latium,ItRomER,-500,5.0,3.0,4.477121255,3.666666667,0.363636364,0.658333333,0.833333333,0.95,5.0,0.597863711,1,-0.2530941126851042,-1.1942117065516453
Latium,ItRomER,-400,5.176091259,3.0,4.477121255,3.666666667,0.454545455,0.658333333,0.833333333,0.95,5.0,0.605252141,1,-0.12165883888829458,-1.2364435889551977
Latium,ItRomER,-300,5.865116468,4.44263214,4.752063399,4.666666667,0.454545455,0.658333333,0.833333333,0.95,5.0,0.676971203,1,0.5840233796566694,-0.4357718306906662
Latium,ItRomMR,-200,6.56775085,5.86332286,5.322219295,4.790273818,0.363636364,0.833333333,0.833333333,0.975,5.0,0.761244139,1,1.3445279942587698,0.25415952507820777
Latium,ItRomLR,-100,7.464039891,6.544068044,5.602059991,5.724447285,0.463636364,0.833333333,0.833333333,1.0,5.0,0.82188895,1,2.049986970235644,0.7645851006159786
Latium,ItRomPr,0,7.698970004,6.653212514,6.032370081,8.174936886,0.645454545,0.991666667,0.833333333,1.0,5.0,0.926778876,1,3.0347094158675207,1.0942900105464186
Latium,ItRomPr,100,7.721346318,6.763427994,6.059856612,8.174936886,0.645454545,0.991666667,0.833333333,1.0,5.0,0.931204977,1,3.0707870193002615,1.139376248281588
Latium,ItRomPr,200,7.820478362,6.698970004,6.0,8.174936886,0.645454545,0.991666667,0.833333333,1.0,5.0,0.929826614,1,3.061044866842741,1.1221693814663987
Latium,TrRomDm,300,7.764540313,6.632242167,5.903089987,7.177000769,0.827272727,0.991666667,0.833333333,0.9875,5.0,0.928458305,1,3.0093859174564948,0.7569160035081258
Latium,ItRomWe,400,7.352555305,6.301029996,5.698970004,7.832668059,0.818181818,0.990909091,0.833333333,1.0,5.0,0.914820268,1,2.902301006772362,0.6089997655380922
Latium,ItOstrg,500,6.740362689,5.802773725,5.204696176,5.571044218,0.736363636,0.975,0.833333333,0.9875,5.0,0.823299026,1,2.0150510819707157,-0.08137705619080143
Latium,ItRav**,600,6.0,4.698970004,4.477121255,5.308240179,0.663636364,0.833333333,0.833333333,0.9625,5.0,0.736393529,1,1.109963600503743,-0.6438367559290047
Latium,ItRav**,700,6.096910013,4.698970004,5.105382009,5.308240179,0.663636364,0.833333333,0.833333333,0.9625,5.0,0.755748367,1,1.320042019229202,-0.4173574301636733
Latium,ItStPet,800,5.906298487,4.698970004,4.96403688,5.333333333,0.7,0.818181818,0.833333333,0.95,5.0,0.748741687,1,1.2505663398767148,-0.509980812706388
Latium,ItStPet,900,5.819563511,4.698970004,4.602059991,5.333333333,0.7,0.818181818,0.833333333,0.95,5.0,0.739849728,1,1.122776174509786,-0.6469469346874397
Latium,ItPapEM,1000,6.044626969,4.146128036,4.544068044,5.666666667,0.909090909,0.725,0.7,1.0,4.0,0.71597653,1,0.93685981475913,-0.6057768437187645
Latium,ItPapEM,1100,5.769683224,3.77815125,4.544068044,5.666666667,0.909090909,0.725,0.7,1.0,4.0,0.706742673,1,0.8002457857649214,-0.768174441124337
Latium,ItPapHM,1200,5.828484268,4.643452676,4.544068044,4.834237644,0.9,0.725,0.842857143,1.0,5.0,0.743248775,1,1.1630304992664404,-0.9187804677945404
Latium,ItPapRn,1400,5.77815125,4.643452676,4.48386265,4.801132556,0.909090909,0.733333333,0.7,1.0,5.0,0.725900891,1,1.004896173329982,-0.7863997534570822
Latium,ItPapRn,1500,6.204119983,4.643452676,4.0,4.801132556,0.909090909,0.733333333,0.7,1.0,5.0,0.721047846,1,0.9524910066032016,-0.8558679453020391
Latium,ItPapM1,1600,6.204119983,4.643452676,4.997001728,4.35385751,0.827272727,0.916666667,0.857142857,1.0,5.0,0.769720333,1,1.4476122139725685,-0.8589973794220646
Latium,ItPapM2,1700,6.278753601,4.643452676,5.130333768,5.0,0.827272727,0.833333333,0.842857143,1.0,5.4,0.781539212,1,1.5826417818959093,-0.6634626648930899
Latium,ItPapM2,1800,6.361727836,4.643452676,5.198657087,5.0,0.827272727,0.833333333,0.842857143,1.0,5.4,0.785173378,1,1.6213159256592198,-0.6236461654842146
Lena River Valley,RuYakuE,1400,3.550963969,3.007608572,2.0,1.666666667,0.0,0.0,0.316666667,0.0,0.9,0.144248631,0,-4.7852301717233345,0.0672295195225807
Lowland Andes,EcJivaE,1600,3.238666286,2.127387632,2.477121255,2.0,0.0,0.083333333,0.0,0.0,3.0,0.177433897,0,-4.6785634865730055,0.07945204541852124
Lowland Andes,EcJivaL,1900,3.158419217,3.235183791,2.477121255,2.0,0.0,0.083333333,0.0,0.0,4.0,0.191277637,0,-4.2846420598502855,0.27184830901303425
Middle Yellow River Valley,CnYngsh,-5000,4.09560288,2.761695291,2.511716905,1.841694174,0.1,0.18,0.18,0.0,0.5,0.224902441,0,-4.442494808141188,0.3060513336889889
Middle Yellow River Valley,CnLngsh,-3000,4.953136992,3.183079466,4.531166187,3.338896534,0.216666667,0.6125,0.633333333,0.816126756,2.7,0.4876171,0,-1.1908424487438523,-0.4123728887829593
Middle Yellow River Valley,CnErlit,-1800,3.739693039,4.320551624,4.423140729,3.706065688,0.5125,0.6,0.76,0.9,2.0,0.574085666,0,-0.8317997988740211,-0.7277160445223557
Middle Yellow River Valley,CnErlig,-1600,6.371715316,5.564220259,5.964289906,3.627582531,0.3875,0.685714286,0.7,0.9,1.8,0.655732779,0,0.3219197378951365,0.8163070802290047
Middle Yellow River Valley,CnShang,-1200,6.698970004,6.0,4.650020018,4.043613377,0.555555556,0.828571429,0.8,0.9,2.7,0.702887738,0,0.7506322500720912,0.17028614910688716
Middle Yellow River Valley,CnWZhou,-1100,6.842433646,5.929418926,4.769397027,5.291640987,0.855555556,0.844444444,0.8,0.95,2.0,0.747458328,1,1.25686330520279,0.1726736676360383
Middle Yellow River Valley,CnWZhou,-1000,6.698970004,5.929418926,5.0,5.291640987,0.855555556,0.844444444,0.8,0.95,2.0,0.749939028,1,1.2948509955533163,0.21826623127373623
Middle Yellow River Valley,CnWZhou,-900,7.061861027,5.929418926,5.096910013,5.291640987,0.855555556,0.844444444,0.8,0.95,2.0,0.75958865,1,1.4032862010557428,0.32615109423825234
Middle Yellow River Valley,CnWZhou,-800,7.130333768,5.929418926,5.096910013,5.291640987,0.855555556,0.844444444,0.8,0.95,2.0,0.762132679,1,1.4182484595622438,0.34050718956783105
Middle Yellow River Valley,CnJinSA,-700,6.406466343,5.204119983,4.529346272,4.333333333,0.84,0.84,0.8,0.8125,3.0,0.704473279,1,0.8204865949309939,-0.32598136190167976
Middle Yellow River Valley,CnWeiWS,-400,5.572083938,4.954242509,4.569615142,4.489651298,0.8375,0.822222222,0.8,0.74,5.0,0.731670058,1,0.9057077385821006,-0.6705641622586167
Middle Yellow River Valley,CnWeiWS,-300,7.208545161,4.954242509,5.52223879,4.489651298,0.8375,0.822222222,0.8,0.74,5.0,0.771016729,1,1.549727553336902,-0.014862000213317959
Middle Yellow River Valley,CnWHan*,-200,7.662317113,6.386142109,5.511396145,6.844101716,0.69,0.972727273,0.857142857,0.971428571,5.4,0.895104819,1,2.682462451123205,0.5591961967844428
Middle Yellow River Valley,CnWHan*,-100,7.662317113,6.659631012,5.511396145,6.844101716,0.69,0.972727273,0.857142857,0.971428571,5.4,0.900683872,1,2.7393450035728137,0.6370506817694295
Middle Yellow River Valley,CnWHan*,0,7.662317113,6.691700208,5.511396145,6.844101716,0.69,0.972727273,0.857142857,0.971428571,5.4,0.90133807,1,2.746015028219067,0.64617986657757
Middle Yellow River Valley,CnEHan*,100,7.695068975,6.812913357,5.62324929,6.666666667,0.881818182,0.975,0.828571429,0.85,5.0,0.89659903,1,2.7793525568796507,0.709493527638613
Middle Yellow River Valley,CnEHan*,200,7.316293799,6.397940009,5.0,6.666666667,0.790909091,0.975,0.828571429,0.85,5.0,0.848069228,1,2.3299229045975283,0.38658279413494673
Middle Yellow River Valley,CnErJin,300,7.061551336,6.653212514,5.77815125,6.783222377,0.75,0.93,0.828571429,0.95,5.0,0.890541465,1,2.5727345537375954,0.6628175102495023
Middle Yellow River Valley,CnNWei*,400,6.816217947,5.698970004,5.77815125,6.037607139,0.61,0.86,1.0,0.957142857,4.5,0.825947414,1,2.0579282416367786,0.22520331371743457
Middle Yellow River Valley,CnNWei*,500,7.505149978,6.248708736,5.77815125,6.037607139,0.61,0.86,1.0,0.957142857,4.5,0.849547752,1,2.3228089414367625,0.5261407408224393
Middle Yellow River Valley,CnSui**,600,7.662757832,6.794139356,5.698970004,4.888906574,0.745454545,0.890909091,0.857142857,0.95,5.0,0.864402179,1,2.364031590154502,0.5045721031013674
Middle Yellow River Valley,CnTangE,700,7.681241237,6.704750904,6.0,5.942533394,0.9,0.883333333,0.842857143,0.975,5.0,0.906258508,1,2.7777917943549055,0.6133707722221033
Middle Yellow River Valley,CnTangL,800,7.664712027,6.510946949,6.0,5.252034877,0.990909091,0.9,0.842857143,0.95,5.0,0.892096251,1,2.7054135031922093,0.3774594238548839
Middle Yellow River Valley,CnTangL,900,7.832326921,6.176091259,6.0,5.252034877,0.990909091,0.9,0.842857143,0.95,5.0,0.889191581,1,2.6723935790599747,0.31727795066421166
Middle Yellow River Valley,CnNSong,1000,7.927605919,6.474587766,5.698970004,8.423350643,0.990909091,0.991666667,0.857142857,1.0,6.0,0.971185143,1,3.5480037467968293,0.5833502462523474
Middle Yellow River Valley,CnNSong,1100,7.927605919,6.356949284,6.0,8.423350643,0.990909091,0.991666667,0.857142857,1.0,6.0,0.977846624,1,3.6140484454988875,0.6486436101330022
Middle Yellow River Valley,CnLrJin,1200,7.652998603,6.556302501,5.46533555,6.0,1.0,1.0,0.857142857,1.0,5.4,0.913159337,1,2.926725091139718,0.14575587238527715
Middle Yellow River Valley,CnYuan*,1300,7.898225308,7.363062964,5.903089987,7.0,1.0,0.909090909,0.857142857,1.0,6.0,0.963722822,1,3.4614743507995733,0.7276297917669421
Middle Yellow River Valley,CnMing*,1400,7.78846971,6.591064607,5.176091259,6.333333333,0.818181818,0.908333333,0.857142857,1.0,6.0,0.898061339,1,2.756658828849934,0.30159813737376867
Middle Yellow River Valley,CnMing*,1500,7.706792007,6.666373362,5.827369273,6.333333333,0.818181818,0.908333333,0.857142857,1.0,6.0,0.916773364,1,2.9502973838581092,0.519625767381954
Middle Yellow River Valley,CnMing*,1600,8.036043863,6.562887381,5.848804701,6.333333333,0.909090909,0.908333333,0.857142857,1.0,6.0,0.930700487,1,3.100121603950568,0.4870801976031896
Middle Yellow River Valley,CnQingE,1700,8.049892871,7.117271296,5.86484137,8.0,1.0,0.925,0.857142857,1.0,6.0,0.984760459,1,3.621769848618223,0.8207540769095277
Middle Yellow River Valley,CnQingL,1800,8.469822016,7.053078443,5.949825059,8.0,1.0,0.925,0.833333333,1.0,6.0,0.992244568,1,3.702110858108062,0.9487022815177205
Middle Yellow River Valley,CnQingL,1900,8.537934496,7.053078443,6.043115387,8.0,1.0,0.925,0.833333333,1.0,6.0,0.996386254,1,3.745044451033942,0.9935956588395282
Niger Inland Delta,MlJeJe1,-200,2.470339004,0.732024259,2.053111546,1.0,0.090909091,0.166666667,0.166666667,0.0125,0.9,0.098110084,0,-5.457165567671924,-0.9122402477976244
Niger Inland Delta,MlJeJe2,100,3.377552007,2.968440728,3.162425793,1.548512019,0.081818182,0.158333333,0.166666667,0.0125,0.9,0.201993575,0,-4.384067451145685,0.37773984798562615
Niger Inland Delta,MlJeJe3,400,4.146228763,3.041392685,3.868166742,2.322311347,0.081818182,0.6,0.166666667,0.0125,0.9,0.302211858,0,-3.372965888860793,0.5931168040829408
Niger Inland Delta,MlJeJe4,900,4.427690558,3.041392685,4.281617818,1.791366077,0.081818182,0.6,0.166666667,0.0,3.6,0.378760295,0,-2.800142007088385,0.4293340063437841
Niger Inland Delta,MrWagdM,1000,6.070539143,5.56801973,4.266649531,3.814868506,0.618181818,0.645454545,0.166666667,0.0,5.0,0.552919092,0,-0.719738394612437,1.1540527242933103
Niger Inland Delta,MrWagdL,1100,6.027733593,5.566364276,4.231998538,3.943590574,0.809090909,0.72,0.816666667,0.96,4.5,0.707377982,1,0.9033023770304887,-0.652057172474811
Niger Inland Delta,MlMali*,1300,6.663581221,6.254681692,4.159032125,4.247154682,0.6,0.7,0.8,0.983333333,4.5,0.718474537,1,0.9828261122864328,-0.10165161786786912
Niger Inland Delta,MlMali*,1400,6.663581221,6.254681692,4.159032125,4.247154682,0.59,0.7,0.8,0.983333333,4.5,0.720930119,1,0.9726008584611707,-0.0929449601259572
Niger Inland Delta,MlSong2,1500,6.631866762,5.813228741,4.77815125,4.828849002,0.709090909,0.866666667,0.8,0.975,4.5,0.767729211,1,1.4572300140744077,-0.14852265711437207
Niger Inland Delta,MaSaadi,1600,6.402161624,5.677606953,4.84509804,5.0,0.966666667,0.95,0.98,0.9625,4.5,0.816770181,1,1.9511374350743618,-0.6895056192090865
Niger Inland Delta,MlBaman,1800,6.549716725,5.644381391,4.477121255,4.666666667,0.933333333,0.92,0.9,0.9,2.7,0.751562933,1,1.2848283748832392,-0.4442485345477124
North Colombia,CoNahua,300,4.789527831,1.285551346,2.823244088,1.588232029,0.574329422,0.5,0.2,0.0,0.6,0.231326269,0,-3.6754696094606,-0.5854873410257028
North Colombia,CoNahua,600,3.41695353,2.975455429,2.823244088,1.588232029,0.349103758,0.6125,0.2,0.0,0.6,0.253794559,0,-3.7313496959060064,-0.2771807424117572
North Colombia,CoNahua,700,3.24206959,3.8630133,2.823244088,1.952350466,0.483850331,0.6125,0.2,0.0,0.6,0.270160466,0,-3.3844061367184293,-0.12195187134145075
North Colombia,CoNahua,800,3.613138128,1.537176164,2.823244088,1.952350466,0.22680826,0.644444444,0.2,0.0,0.6,0.253477682,0,-4.015014297905352,-0.5054778697654613
North Colombia,CoNahua,900,3.236539914,2.097775774,2.823244088,1.952350466,0.37173947,0.644444444,0.2,0.0,0.6,0.251385344,0,-3.832512188215135,-0.5510359391661804
North Colombia,CoNahua,1000,3.236539914,1.77149471,2.095360575,1.952350466,0.323294374,0.644444444,0.2,0.0,0.6,0.240669312,0,-4.168767519494906,-0.8405911633881259
North Colombia,CoTairo,1100,3.236539914,2.176091259,2.095360575,3.569766893,0.9,0.877777778,0.18,0.0,3.0,0.376240253,0,-2.5465707553214645,-1.3737787765141405
North Colombia,CoTairo,1200,3.236539914,2.176091259,2.994846071,3.569766893,0.9,0.877777778,0.18,0.0,3.0,0.409732364,0,-2.2761180776932677,-1.0786165283750326
North Colombia,CoTairo,1400,3.878958652,2.176091259,3.633217223,3.569766893,0.9,0.877777778,0.18,0.0,3.0,0.432031296,0,-1.9437983752684613,-0.7344473599772718
Orkhon Valley,MnXngnE,-1400,4.552769256,5.59189343,4.007284856,2.587429106,0.1,0.075,0.2,0.1,1.0,0.315541355,0,-3.0977179200395377,1.7268015975335707
Orkhon Valley,MnXngnE,-400,4.917834252,6.027726403,2.43092054,2.587429106,0.1,0.075,0.2,0.1,1.0,0.32778218,0,-3.401270943766742,1.4101337833477114
Orkhon Valley,MnXngnM,-200,6.176091259,6.602059991,3.704210122,4.159387969,0.34,0.075,0.58,0.1,1.0,0.459247869,0,-1.7306258327296475,1.80698586787933
Orkhon Valley,MnXngnL,0,6.09262654,6.568381854,3.638368198,3.901295964,0.318181818,0.075,0.38,0.1,1.0,0.450334253,0,-2.040883047153715,1.9916585792042025
Orkhon Valley,MnXianb,100,6.029532107,7.176091259,4.831087771,4.288988118,0.1,0.07,0.233333333,0.1,1.0,0.430391714,0,-1.8768734671604375,2.983193107670305
Orkhon Valley,MnRourn,300,5.579532352,6.602059991,3.9286318,3.326129762,0.281818182,0.175,0.233333333,0.1,1.0,0.430236291,0,-2.2313528636994904,2.045775632215964
Orkhon Valley,MnRourn,500,5.579532352,6.602059991,3.705819063,3.326129762,0.281818182,0.2875,0.766666667,0.4875,1.0,0.520649178,1,-1.3274917472523622,0.8855040709047143
Orkhon Valley,MnETurk,600,5.685962239,6.658149571,4.059387574,3.286512114,0.327272727,0.328571429,0.8,0.9,4.0,0.60090941,1,-0.18608018250200153,0.25499399719893856
Orkhon Valley,MnTurk2,700,5.627382854,6.520500423,4.550521787,3.045309787,0.34,0.4,0.8,0.666666667,4.0,0.596966926,1,-0.2224187762747028,0.4618917627262071
Orkhon Valley,MnUigur,800,5.630142018,6.345940674,4.087466508,4.06855469,0.25,0.6,0.8,0.9,3.6,0.644542214,1,0.025058203607443704,0.19919765037801232
Orkhon Valley,MnKhitn,1000,6.579783597,6.284020244,4.346951796,4.71602263,0.8625,0.563636364,0.95,0.9625,5.0,0.782908611,1,1.44962737674248,-0.33295174465950683
Orkhon Valley,MnMongE,1200,4.919594888,4.887755014,2.698970004,2.666666667,0.41,0.0,0.2,0.0,1.0,0.302733454,1,-3.3909523709075757,1.054923712761293
Orkhon Valley,MnMngKh,1300,7.660856669,7.401776181,5.907581474,5.0,0.875,0.988888889,1.0,1.0,5.0,0.909591409,1,2.99421533979229,0.3554377376880609
Orkhon Valley,MnMongL,1400,6.642041244,6.44236318,4.522197643,3.163248075,0.7,0.633333333,0.78,0.92,3.6,0.698624834,1,0.7340223604735976,0.03356918771036621
Orkhon Valley,MnMongL,1600,4.750195399,6.44236318,3.795117518,3.163248075,0.76,0.633333333,0.78,0.92,3.6,0.645079013,1,0.16336419879133712,-0.6539061104898194
Orkhon Valley,MnZungh,1700,5.886940158,5.268469774,4.115164195,3.937451771,0.51,0.77,0.975,0.98,5.0,0.718817194,1,0.7872286251802596,-0.8527139590567698
Orkhon Valley,CnQingL,1800,8.469822016,7.053078443,5.949825059,8.0,1.0,0.925,0.833333333,1.0,6.0,0.992244568,1,3.702110858108062,0.9487022815177205
Orkhon Valley,CnQingL,1900,8.537934496,7.053078443,6.043115387,8.0,1.0,0.925,0.833333333,1.0,6.0,0.996386254,1,3.745044451033942,0.9935956588395282
Oro PNG,PgOrokE,1800,4.633811958,4.605657181,2.899360284,2.0,0.0,0.083333333,0.333333333,0.0,2.0,0.229975098,0,-3.5816567880983277,0.8980565549230174
Paris Basin,FrBeakr,-3200,3.050055842,2.792899577,3.057676479,1.652366404,0.1,0.35,0.1,0.1,2.7,0.227194968,0,-3.946058379597854,-0.09329445636106853
Paris Basin,FrAtlBA,-2200,3.225393775,1.727732155,3.277761673,1.457000789,0.1,0.35,0.1,0.1,1.8,0.225324619,0,-4.259737276974188,-0.22235505803230315
Paris Basin,FrHallA,-1000,2.774451809,2.928856407,2.0,1.666666667,0.1,0.277777778,0.1,0.1,0.9,0.16921561,0,-4.698317733280268,-0.21412722742270837
Paris Basin,FrHallB,-900,3.560844419,3.216975169,2.431354906,2.666666667,0.09,0.35,0.233333333,0.1,1.0,0.255854608,0,-3.9454248389469995,0.10603301600511227
Paris Basin,FrHallB,-800,4.740566419,3.216975169,2.891336066,2.666666667,0.09,0.35,0.233333333,0.1,1.0,0.269243365,0,-3.5493341908834406,0.5043160755896482
Paris Basin,FrHallC,-700,3.678615021,3.422867411,3.651554709,2.934457867,0.1,0.43,0.233333333,0.1,1.0,0.297871482,0,-3.3662201482448895,0.5649667809379232
Paris Basin,FrHallD,-600,4.587761078,3.881264689,3.698970004,2.920093366,0.1,0.51,0.233333333,0.1,1.0,0.343799132,0,-2.9730667318345625,0.8417426949697207
Paris Basin,FrTeneA,-400,3.955519352,3.096910013,3.818552572,3.0,0.18,0.59,0.233333333,0.1,1.0,0.356129378,0,-3.055453011011548,0.41024256968103745
Paris Basin,FrTeneB,-300,4.862608751,3.096910013,1.698970004,3.666666667,0.327272727,0.609090909,0.925,0.1,5.0,0.451406059,0,-1.7978058648695219,-1.4380835081062693
Paris Basin,FrTeneB,-200,4.862608751,3.096910013,3.330488558,3.666666667,0.327272727,0.609090909,0.925,0.1,5.0,0.499566954,0,-1.307249248346398,-0.902707800081172
Paris Basin,FrTeneC,-100,4.883541279,4.176091259,3.941182552,3.687121686,0.388888889,0.654545455,0.925,0.1,5.0,0.554045252,1,-0.7784245473796586,-0.4739406257314473
Paris Basin,ItRomPr,0,7.698970004,6.653212514,6.032370081,8.174936886,0.645454545,0.991666667,0.833333333,1.0,5.0,0.926778876,1,3.0347094158675207,1.0942900105464186
Paris Basin,ItRomPr,100,7.721346318,6.763427994,6.059856612,8.174936886,0.645454545,0.991666667,0.833333333,1.0,5.0,0.931204977,1,3.0707870193002615,1.139376248281588
Paris Basin,ItRomPr,200,7.820478362,6.698970004,6.0,8.174936886,0.645454545,0.991666667,0.833333333,1.0,5.0,0.929826614,1,3.061044866842741,1.1221693814663987
Paris Basin,TrRomDm,300,7.764540313,6.632242167,5.903089987,7.177000769,0.827272727,0.991666667,0.833333333,0.9875,5.0,0.928458305,1,3.0093859174564948,0.7569160035081258
Paris Basin,FrMervE,500,6.104062106,5.342627514,4.330682803,4.0,0.672727273,0.96,0.8,0.928571429,5.0,0.735880625,1,1.0836458152016437,-0.7181468374534121
Paris Basin,FrMervM,600,5.926051025,5.361727836,4.415485548,4.202574307,0.7,0.881818182,0.816666667,0.971428571,5.0,0.734171557,1,1.1034481320447023,-0.7155689711861822
Paris Basin,FrMervL,700,5.979886739,5.397940009,4.382353895,4.251482547,0.636363636,0.881818182,0.816666667,0.957142857,5.0,0.72807639,1,1.0443875591831706,-0.629768137042149
Paris Basin,FrCarlE,800,7.176091259,6.342422681,4.327937636,4.130985855,0.727272727,0.681818182,0.816666667,0.9625,5.0,0.760762123,1,1.3440199968887923,-0.08620916100818611
Paris Basin,FrCarlL,900,6.601169971,5.903089987,4.0,3.718915311,0.554545455,0.790909091,0.816666667,0.957142857,5.0,0.71670394,1,0.8954865103122988,-0.42713284499761955
Paris Basin,FrCaptE,1000,5.87548088,5.829303773,4.397940009,4.333333333,0.390909091,0.736363636,0.816666667,0.971428571,4.5,0.689535812,1,0.6414828651132631,-0.15149942946277567
Paris Basin,FrCaptE,1100,5.87548088,4.205545307,4.397940009,4.423207365,0.390909091,0.736363636,0.816666667,0.971428571,4.5,0.657843746,1,0.31925415108889593,-0.5997785638071944
Paris Basin,FrCaptL,1200,7.146128036,5.51851394,5.176091259,5.002574357,0.890909091,0.9,0.816666667,0.975,5.0,0.824432857,1,1.9872834470520537,-0.2236346562598453
Paris Basin,FrCaptL,1300,7.230448921,5.544068044,5.301029996,5.002574357,0.809090909,0.9,0.816666667,0.975,5.0,0.82242418,1,1.9649284782705927,-0.0864468985488398
Paris Basin,FrValoE,1400,6.977723605,5.531478917,5.176091259,5.125571509,0.981818182,0.9,0.816666667,0.95,4.5,0.818518376,1,1.956245569645456,-0.24110064696967048
Paris Basin,FrValoL,1500,7.255272505,5.654950994,5.413453853,7.488752758,0.881818182,0.872727273,0.833333333,0.9625,5.0,0.876882368,1,2.5066663638049693,0.3190447459929407
Paris Basin,FrBurbE,1600,7.322219295,6.414973348,5.658011397,7.466035111,0.881818182,0.966666667,0.816666667,0.95,5.0,0.91003406,1,2.824760078409841,0.5902256020915183
Paris Basin,FrBurbL,1700,7.403120521,6.337938293,5.72427587,8.628620054,0.990909091,0.975,0.833333333,0.975,6.0,0.957293327,1,3.3855760029979245,0.5381058203369785
Sogdiana,TjSaraz,-3500,4.032443453,3.212599823,3.808243465,2.477247729,0.1,0.390909091,0.0,0.0,0.9,0.26234712,0,-3.738920847080487,0.9798744553716068
Sogdiana,KzAndro,-2000,3.95888968,3.707766444,2.397940009,1.403366207,0.1,0.3,0.0,0.0,0.9,0.216965914,0,-4.360470753380234,0.5413609103677345
Sogdiana,UzKok01,-1400,3.079941656,3.213730365,2.83935582,1.109409094,0.1,0.08,0.0,0.0,0.9,0.148653829,0,-4.813512502639861,0.47419366697280146
Sogdiana,UzKok01,-1000,4.978050073,4.664384768,4.090342107,1.109409094,0.1,0.08,0.0,0.0,0.9,0.248366221,0,-3.720889480909548,1.6956194692661986
Sogdiana,UzKhw01,-900,5.835983378,3.054139079,2.685788681,2.75833555,0.1,0.933333333,0.15,0.0,0.4,0.369239141,0,-3.0161288303471316,0.45951719042109973
Sogdiana,UzKhw01,-800,3.595326169,5.877108674,4.150680221,2.479213226,0.1,0.933333333,0.15,0.0,0.4,0.384023796,0,-2.5262637383224162,1.2307031901688446
Sogdiana,UzKok02,-700,4.049783827,3.36267725,4.150680221,1.71475398,0.4,0.333333333,0.0,0.0,1.0,0.315680285,0,-3.4704282500866426,0.7898598470170349
Sogdiana,IrAchae,-500,7.333008823,6.740362689,5.301029996,6.185276146,0.972727273,0.891666667,0.828571429,0.925,5.0,0.887021376,1,2.5689385052957077,0.3499448759409099
Sogdiana,IrAchae,-400,7.452026836,6.579783597,5.301029996,6.185276146,0.972727273,0.891666667,0.828571429,0.925,5.0,0.884931562,1,2.561547009930685,0.3291860827755962
Sogdiana,IrSeleu,-300,7.204119983,6.556302501,4.82525317,5.479804078,0.9875,0.9,0.828571429,0.9375,5.0,0.85419066,1,2.2723069827133267,-0.024601212358875548
Sogdiana,AfGrBct,-200,7.160388688,5.899076538,4.430356391,4.0,0.7625,0.8,0.814285714,0.9375,5.0,0.765870426,1,1.3987459258713533,-0.2941318927823372
Sogdiana,AfTochr,-100,7.131412166,4.041423741,5.188966847,2.850328263,0.5,0.644444444,0.94,0.9,5.0,0.684295704,1,0.691489267432572,-0.5462350090963738
Sogdiana,AfTochr,0,4.987384242,4.041423741,3.9658069,2.850328263,0.5,0.644444444,0.94,0.9,5.0,0.619264747,1,-0.14478448619184586,-1.3971296585855577
Sogdiana,AfKushn,100,7.003287767,6.313878326,5.176091259,4.476041328,0.777777778,0.809090909,0.833333333,1.0,5.0,0.810552424,1,1.8528659137452923,0.012741773022166726
Sogdiana,AfKushn,200,6.884435557,6.371437475,5.0,4.476041328,0.777777778,0.809090909,0.833333333,1.0,5.0,0.806141972,1,1.7859204587740176,-0.0535750885136036
Sogdiana,IrSasn1,300,6.698970004,6.424901758,5.0,6.684503355,0.545454545,0.9,0.771428571,0.925,5.0,0.806545958,1,1.8758498372885535,0.5446699088249463
Sogdiana,IrSasn1,400,6.698970004,6.499665679,5.397940009,6.684503355,0.545454545,0.9,0.771428571,0.925,5.0,0.819902671,1,2.0110504320425995,0.6965353441564656
Sogdiana,AfHepht,500,7.423245874,6.453379061,4.963703794,3.807663394,0.585714286,0.914285714,0.816666667,1.0,5.0,0.803125862,1,1.6965210151668024,0.07961262751068478
Sogdiana,KgWTurk,600,6.212583741,6.500521762,3.996347209,3.906740842,0.7,0.785714286,0.816666667,0.925,3.6,0.717370046,1,0.8292560178057915,-0.2576975661118478
Sogdiana,UzSogdi,700,4.627075752,3.969406857,4.212561652,2.88107394,0.772727273,0.79,0.833333333,0.975,5.0,0.657984735,1,0.23473553602897254,-1.6774711225300407
Sogdiana,IqAbbs1,800,7.489246297,6.919078092,5.84509804,6.0,0.645454545,0.908333333,0.857142857,1.0,5.0,0.8674214,1,2.545518052167251,0.7565241285353802
Sogdiana,UzSamnd,900,6.77815125,6.397940009,5.113943352,5.672510922,0.9,0.916666667,0.828571429,1.0,5.0,0.847891918,1,2.24647931761032,-0.022986125328773085
Sogdiana,KgKarKh,1000,6.397940009,6.301029996,5.301029996,5.0,0.881818182,0.791666667,0.828571429,0.975,5.0,0.813858966,1,1.9078703792414684,-0.046295307286434564
Sogdiana,KgKarKh,1100,5.462287075,5.53416978,3.63656251,5.0,0.881818182,0.791666667,0.828571429,0.975,5.0,0.768089962,1,1.0434553780449864,-1.0069566470143199
Sogdiana,KgKarKh,1200,6.37445344,6.126319594,5.171111275,5.0,0.881818182,0.791666667,0.828571429,0.975,5.0,0.813879614,1,1.827337181390015,-0.14358686328850506
Sogdiana,UzChagt,1300,6.254682107,6.544068044,4.435573614,4.264972637,0.527272727,0.76,0.816666667,0.9625,5.0,0.743461331,1,1.1209618996644732,-0.0480745641669951
Sogdiana,UzTimur,1400,7.69019608,6.740362689,5.176091259,6.115641599,0.827272727,0.881818182,0.828571429,0.9875,5.0,0.872745656,1,2.4893651135888724,0.45393254998513183
Sogdiana,UzTimur,1500,6.398612364,6.545823017,5.176091259,6.115641599,0.827272727,0.881818182,0.828571429,0.9875,5.0,0.841678405,1,2.1666738580202116,0.127757321072995
Sogdiana,UzJanid,1600,5.772736714,5.222305494,4.986987387,5.562024362,0.8625,0.857142857,0.8,0.9875,5.0,0.779340291,1,1.583059017386444,-0.5048062459286248
Sogdiana,UzJanid,1700,5.987150443,5.222305494,4.810470882,5.562024362,0.8625,0.857142857,0.8,0.9875,5.0,0.788146715,1,1.5768373618594496,-0.5177750713192654
Southern China Hills,CnHQngL,1800,5.301029996,4.007150105,4.071658978,2.5,0.857142857,0.6,0.0,0.125,4.0,0.476262826,0,-1.5466657400302795,0.31741133266853117
Susiana,IrPrCer,-7800,1.59704469,1.844231001,2.591618142,1.0,0.09,0.181818182,0.0,0.0,0.9,0.129736675,0,-5.414763484524521,-0.3895326248468076
Susiana,IrForma,-7200,4.064934357,2.713731167,2.43812847,1.0,0.090909091,0.181818182,0.0,0.0,0.9,0.139350082,0,-4.739869690128482,0.3242521420733353
Susiana,IrArcha,-7000,1.355693541,2.924777736,2.523682346,1.0,0.1,0.214285714,0.0,0.0,1.0,0.16218274,0,-5.19939847389677,-0.19754709212789523
Susiana,IrKhzE*,-6000,2.440826364,2.214147783,2.713309819,1.0,0.1,0.45,0.0,0.0,0.9,0.192816753,0,-4.813741573738345,-0.2693779058484018
Susiana,IrKhzEM,-5700,3.622118865,2.275593628,2.811750412,1.184657566,0.090909091,0.3125,0.0,0.0,0.6,0.189471307,0,-4.69517702475131,0.19562343854937883
Susiana,IrKhzM*,-5100,3.1113624,3.14745979,2.991896918,1.210446633,0.172727273,0.3,0.0,0.0,2.7,0.222346083,0,-4.116625180775893,0.11473765663151943
Susiana,IrKhzM*,-5000,3.506766378,2.62539326,2.991896918,1.543779966,0.172727273,0.3,0.0,0.0,2.7,0.236591074,0,-4.081340557767742,0.10079201370673525
Susiana,IrKhzL*,-4700,3.928979149,2.86809685,3.067984596,1.726396821,0.154545455,0.328571429,0.0,0.0,2.7,0.257749034,0,-3.8716280573094703,0.3069732968726452
Susiana,IrSusa1,-4300,4.027735079,2.96983565,3.050024434,1.969035122,0.245454545,0.328571429,0.15,0.0,2.7,0.282595192,0,-3.5506909386666736,0.11844034813041056
Susiana,IrSusa1,-3900,2.997660758,1.720774275,3.050024434,1.969035122,0.245454545,0.328571429,0.15,0.0,2.7,0.24254955,0,-4.035567116846654,-0.45309866892246475
Susiana,IrSusa2,-3800,2.997660758,1.430868568,2.815257652,2.750748805,0.571428571,0.68,0.98,0.95,2.7,0.458935806,0,-1.709352477576073,-2.887316231355862
Susiana,IrSusa2,-3700,4.008131588,3.510898514,2.815257652,2.916916268,0.571428571,0.68,0.98,0.95,2.7,0.512212835,0,-1.0272805130839167,-2.057526398343056
Susiana,IrSusa2,-3600,3.990294092,4.320087073,3.542955833,2.916916268,0.571428571,0.68,0.98,0.95,2.7,0.535130762,0,-0.6440757752820965,-1.5921223575033712
Susiana,IrSusa2,-3500,4.238199531,3.72708224,3.698970004,3.247689661,0.571428571,0.68,0.98,0.95,2.7,0.551342914,0,-0.6093078114595627,-1.6063890905245328
Susiana,IrSusa2,-3400,4.329926391,4.112798296,3.698970004,3.583582935,0.571428571,0.68,0.98,0.95,2.7,0.562228405,0,-0.451131221886304,-1.4251867397427085
Susiana,IrSusa2,-3300,4.363782491,4.096811828,3.698970004,3.583582935,0.571428571,0.68,0.98,0.95,2.7,0.561189636,0,-0.44705818892990895,-1.4226393113155749
Susiana,IrSusa2,-3200,3.838849091,3.597264419,3.569262714,3.583582935,0.571428571,0.68,0.98,0.95,2.7,0.52954672,0,-0.7046633800719395,-1.7174673900381927
Susiana,IrSusa3,-3100,3.838849091,2.712990921,3.569262714,3.452586699,0.571428571,0.725,0.98,0.9,2.7,0.53746034,0,-0.9031672481415799,-1.9797103813303456
Susiana,IrSusa3,-3000,5.268510916,4.563685937,4.044478882,2.978070246,0.571428571,0.725,0.98,0.9,2.7,0.58998018,0,-0.1447644190095658,-1.0708835370559242
Susiana,IrAwanE,-2600,5.798349965,5.376242008,3.965177763,3.035454997,0.5125,0.825,0.98,0.925,2.7,0.664406759,0,0.19559558843286848,-0.7874911493208334
Susiana,IqAkkad,-2200,6.20776289,4.939268839,4.540313004,5.035126361,0.71,0.966666667,0.833333333,0.985714286,3.0,0.740938642,1,1.027291659931884,-0.4973638418007058
Susiana,IqUrIII,-2100,5.304473403,3.844106937,4.106868443,4.950393894,1.0,1.0,1.0,1.0,3.0,0.735807194,1,0.9672319100888188,-1.654539821015967
Susiana,IrShima,-2000,6.218782914,3.524403333,4.824632736,4.107374703,0.9,0.925,0.842857143,0.9,3.0,0.699571472,1,0.748650401292345,-1.0236819726863804
Susiana,IrSukkE,-1900,4.88707737,5.21742184,4.189298585,4.366268556,0.92,0.957142857,0.98,0.9,3.0,0.721138586,1,0.8549959692204149,-1.2042697631206616
Susiana,IrSukkE,-1800,5.934107754,5.640592004,4.404323994,4.366268556,0.92,0.957142857,0.98,0.9,3.0,0.72562999,1,1.236454129771175,-0.7937237173763231
Susiana,IrSukkL,-1700,5.728528465,5.59879819,4.117069392,4.943877151,0.9,0.914285714,0.842857143,0.9,2.7,0.705878569,1,0.9384251577527729,-0.598649898038758
Susiana,IrSukkL,-1600,5.101972599,3.482923215,4.120255436,4.943877151,0.9,0.914285714,0.842857143,0.9,2.7,0.688909368,1,0.36239413116659264,-1.3312982494071286
Susiana,IrMElm1,-1500,6.195363746,5.399201741,4.038163456,5.290091159,0.92,0.916666667,0.842857143,1.0,1.0,0.684201899,1,0.8324484561105233,-0.4529342310775726
Susiana,IrMElm2,-1400,5.97609386,5.499738163,4.404211363,3.91500714,0.9,0.9,0.98,0.966666667,1.0,0.722958972,1,0.7484102354324139,-0.6806197302790346
Susiana,IrMElm2,-1300,5.668988755,5.499738163,3.728672665,3.91500714,0.9,0.9,0.98,0.966666667,1.0,0.69006511,1,0.4781859387167812,-0.9666829188176127
Susiana,IrMElm3,-1200,6.161493334,5.402630552,3.924925274,4.899558141,0.95,0.928571429,0.842857143,1.0,3.0,0.731038618,1,1.130156805782261,-0.8038466542555488
Susiana,IrNElm1,-900,5.341332739,4.063962329,4.484547519,4.009654321,0.9,0.6,0.76,0.541029624,2.7,0.6620337,1,-0.23683468794469228,-0.5059169596421654
Susiana,IrNElm2,-700,6.631010293,5.500476105,3.601999509,4.11593416,0.725,0.783333333,0.842857143,0.833429933,2.7,0.703242406,1,0.4408302915180478,-0.43201675370412573
Susiana,IrNElm3,-600,7.181864442,6.08671003,4.467867502,4.220339258,0.9,0.9,0.842857143,1.0,2.7,0.768427176,1,1.4049093611204486,-0.2265368461573419
Susiana,IrAchae,-500,7.333008823,6.740362689,5.301029996,6.185276146,0.972727273,0.891666667,0.828571429,0.925,5.0,0.887021376,1,2.5689385052957077,0.3499448759409099
Susiana,IrAchae,-400,7.452026836,6.579783597,5.301029996,6.185276146,0.972727273,0.891666667,0.828571429,0.925,5.0,0.884931562,1,2.561547009930685,0.3291860827755962
Susiana,IrSeleu,-300,7.204119983,6.556302501,4.82525317,5.479804078,0.9875,0.9,0.828571429,0.9375,5.0,0.85419066,1,2.2723069827133267,-0.024601212358875548
Susiana,IrSeleu,-200,4.802415616,5.447158031,4.82525317,5.479804078,0.9875,0.9,0.828571429,0.9375,5.0,0.778294628,1,1.5168114270154656,-0.8438878476192635
Susiana,IrPart1,-100,6.736396502,6.301029996,5.477121255,5.595866645,0.677777778,0.916666667,0.816666667,0.9875,5.0,0.81935254,1,2.063859113288859,0.26713632750791266
Susiana,IrPart1,0,6.875061263,6.477121255,5.602059991,5.595866645,0.677777778,0.916666667,0.816666667,0.9875,5.0,0.836338546,1,2.1683502147465084,0.3873352424017999
Susiana,IrElym2,100,5.830742127,4.60469802,4.507764847,4.0,0.9,0.925,1.0,0.925,5.0,0.759738768,1,1.313325425500669,-1.3514984106747774
Susiana,IrSasn1,300,6.698970004,6.424901758,5.0,6.684503355,0.545454545,0.9,0.771428571,0.925,5.0,0.806545958,1,1.8758498372885535,0.5446699088249463
Susiana,IrSasn1,400,6.698970004,6.499665679,5.397940009,6.684503355,0.545454545,0.9,0.771428571,0.925,5.0,0.819902671,1,2.0110504320425995,0.6965353441564656
Susiana,IrSasn2,500,6.949390007,6.537819095,5.602059991,6.489439991,0.518181818,0.97,0.814285714,0.975,5.0,0.846747292,1,2.233677186394135,0.6730921542748065
Susiana,IrSasn2,600,7.344392274,6.414973348,5.698970004,6.489439991,0.7,0.97,0.814285714,0.975,5.0,0.874001984,1,2.5094923519401826,0.5944359615645074
Susiana,SyCalUm,700,7.391731577,6.954242509,5.479298043,4.864308302,0.554545455,0.908333333,0.842857143,1.0,5.0,0.841906264,1,2.1186126633824256,0.5469932953279402
Susiana,IqAbbs1,800,7.489246297,6.919078092,5.84509804,6.0,0.645454545,0.908333333,0.857142857,1.0,5.0,0.8674214,1,2.545518052167251,0.7565241285353802
Susiana,IqAbbs1,900,7.017229138,6.0,5.477121255,6.0,0.645454545,0.908333333,0.857142857,1.0,5.0,0.833596468,1,2.140576591260186,0.2751750378954891
Susiana,IrBuyid,1000,6.710545334,5.954242509,5.096910013,5.72642198,0.77,0.98,0.814285714,0.9625,5.0,0.82841991,1,2.0348027820590713,-0.04327206174442835
Susiana,IrSeljq,1100,7.08278537,6.637651388,5.959413548,5.0,0.827272727,0.825,0.828571429,1.0,5.0,0.850992738,1,2.326695459133305,0.41149824532699303
Susiana,IqAbbs2,1200,6.591064607,5.875061263,6.0,5.153442194,0.888888889,0.845454545,0.828571429,1.0,5.0,0.838994965,1,2.184637713733316,0.06007633841282256
Susiana,IrIlkhn,1300,6.720159303,6.579783597,5.160658852,5.501419874,0.709090909,0.9875,0.828571429,1.0,2.934952436,0.818716171,1,1.76445653740903,0.33972256615165264
Susiana,UzTimur,1400,7.69019608,6.740362689,5.176091259,6.115641599,0.827272727,0.881818182,0.828571429,0.9875,5.0,0.872745656,1,2.4893651135888724,0.45393254998513183
Susiana,IrAkKoy,1500,6.766648855,6.255272505,4.880255212,5.092885197,0.744444444,0.85,0.828571429,0.9625,5.0,0.812769721,1,1.7813714212051737,-0.017536230655208786
Susiana,IrSafvd,1600,6.954242509,6.431363764,5.301029996,5.53002117,0.809090909,0.825,0.842857143,1.0,5.0,0.839888365,1,2.1446995098777437,0.18975179106656373
Upper Egypt,EgBadar,-4400,2.155354857,3.469650438,1.825387878,1.069412609,0.1,0.245454545,0.228571429,0.1,0.9,0.151831804,0,-4.784339648003676,-0.4803198071292186
Upper Egypt,EgNaqa1,-3800,2.064087318,1.215576585,1.888813959,2.061205281,0.1,0.318181818,0.25,0.1,3.0,0.174698163,0,-4.602160875768351,-1.2688414723257304
Upper Egypt,EgNaqa1,-3700,3.987022162,3.77114498,3.04059473,2.247513193,0.1,0.318181818,0.25,0.1,3.0,0.312389862,0,-3.272012365300476,0.26870903498548954
Upper Egypt,EgNaqa1,-3600,4.548768068,3.77114498,4.113943352,2.394538614,0.1,0.318181818,0.25,0.1,3.0,0.348164483,0,-2.801186635683522,0.7615350611700156
Upper Egypt,EgNaqa2,-3500,4.113943352,4.269327676,3.69526637,2.326862452,0.163636364,0.366666667,0.483333333,0.1,3.0,0.389162155,0,-2.5806360880323695,0.2770769228869014
Upper Egypt,EgNaqa2,-3400,4.698970004,4.269327676,3.69526637,2.326862452,0.254545455,0.366666667,0.483333333,0.1,3.0,0.405379961,0,-2.3598426700578115,0.32058303489994083
Upper Egypt,EgNaqa3,-3300,4.698970004,3.924065892,4.137324636,2.321322484,0.227272727,0.390909091,0.65,0.391673707,3.0,0.440667126,0,-1.8957287757661319,-0.08581112228979146
Upper Egypt,EgNaqa3,-3200,4.698970004,3.924065892,4.137324636,2.321322484,0.218181818,0.390909091,0.65,0.50024518,3.0,0.446453908,0,-1.815676186452984,-0.1696654995541367
Upper Egypt,EgDyn1*,-3100,6.016363423,5.014811943,4.019438989,4.158252777,0.245454545,0.727272727,0.833333333,0.542857143,2.7,0.587768498,0,-0.4618284331609805,0.1600643289494422
Upper Egypt,EgDyn2*,-2900,6.069928313,5.0,4.029784862,3.85709698,0.254545455,0.727272727,0.816666667,0.7,2.7,0.585600676,1,-0.37993224728531855,0.004165056629089554
Upper Egypt,EgDyn2*,-2800,6.069928313,5.426511261,4.029784862,3.85709698,0.254545455,0.727272727,0.816666667,0.7,2.7,0.594301319,1,-0.2912228009127133,0.12558063949627501
Upper Egypt,EgDyn2*,-2700,6.069928313,5.477121255,4.029784862,3.85709698,0.254545455,0.727272727,0.816666667,0.7,2.7,0.59533374,1,-0.2806965031119598,0.13998786031855193
Upper Egypt,EgOldK1,-2600,6.140858337,5.463125716,4.698970004,5.310936358,0.58,0.741666667,0.833333333,0.95,2.7,0.700498393,1,0.7545189394409324,0.0700126512069709
Upper Egypt,EgOldK2,-2300,6.176091259,5.19743168,4.507365033,5.10715283,0.67,0.666666667,0.833333333,0.8625,2.7,0.703382928,1,0.5523227891460496,-0.0431071587879513
Upper Egypt,EgRegns,-2100,5.539828349,4.084517722,4.325393814,3.472827476,0.78,0.7,0.816666667,0.9125,1.0,0.593117294,1,-0.2889429854419546,-0.7672882166402804
Upper Egypt,EgMidKg,-2000,6.368155105,5.376576957,4.477121255,4.755322347,0.7,0.741666667,0.833333333,1.0,2.7,0.7098153,1,0.7875426292149548,-0.2128045704701935
Upper Egypt,EgMidKg,-1900,6.368155105,5.615950052,4.477121255,4.755322347,0.7,0.741666667,0.833333333,1.0,2.7,0.714698406,1,0.8373294852153336,-0.14466188231700286
Upper Egypt,EgMidKg,-1800,6.368155105,5.653212514,4.477121255,4.755322347,0.7,0.741666667,0.833333333,1.0,2.7,0.715458544,1,0.8450796495761762,-0.13405432290066102
Upper Egypt,EgThebH,-1700,5.468378237,4.100261341,4.811220374,5.417666089,0.645454545,0.65,0.833333333,0.98,2.7,0.66355083,1,0.3677686427868759,-0.42181840394295245
Upper Egypt,EgNKThu,-1500,6.525044807,5.812913357,4.77815125,5.789788843,0.790909091,0.75,0.833333333,0.9875,2.7,0.758906095,1,1.273204976345084,0.1291570083767359
Upper Egypt,EgNKThu,-1400,6.525044807,5.954242509,4.903089987,5.789788843,0.790909091,0.75,0.833333333,0.9875,2.7,0.765500447,1,1.3401657551864832,0.21038748667128682
Upper Egypt,EgNKThu,-1300,6.525044807,6.0,4.903089987,5.789788843,0.790909091,0.75,0.833333333,0.9875,2.7,0.76643388,1,1.3496827880650346,0.2234133383856802
Upper Egypt,EgNKRam,-1200,6.518352671,5.872738827,5.456056499,5.505585545,0.790909091,0.766666667,0.857142857,0.875,3.0,0.771421572,1,1.4425734851416165,0.34404075120556243
Upper Egypt,EgNKRam,-1100,6.518352671,5.753583059,5.456056499,5.505585545,0.790909091,0.766666667,0.857142857,0.875,3.0,0.768990847,1,1.4177904531846186,0.3101205049035378
Upper Egypt,EgThebL,-1000,6.705785805,5.323404684,5.079181246,4.712371042,0.816666667,0.708333333,0.816666667,0.925,2.7,0.726817074,1,1.0285149059322878,0.04078367978684615
Upper Egypt,EgThebL,-900,6.143561342,5.323404684,5.0,4.712371042,0.816666667,0.708333333,0.816666667,0.925,2.7,0.724250613,1,0.8818531302902266,-0.1030761069560476
Upper Egypt,SdKusht,-700,6.448655726,5.825381283,4.812913357,4.887495834,0.742857143,0.8,0.833333333,0.925,2.7,0.728984073,1,1.068039926734943,0.046589038311831296
Upper Egypt,EgSaite,-600,6.303088341,5.52846194,4.935278738,5.273126562,0.663636364,0.977777778,0.833333333,0.9375,3.0,0.746461885,1,1.255504000524363,-0.06996851905871346
Upper Egypt,IrAchae,-500,7.333008823,6.740362689,5.301029996,6.185276146,0.972727273,0.891666667,0.828571429,0.925,5.0,0.887021376,1,2.5689385052957077,0.3499448759409099
Upper Egypt,EgIntOc,-400,6.466248847,5.733364993,4.749427493,5.399567926,0.645454545,0.858333333,1.0,0.925,5.0,0.78996058,1,1.6678036032202213,-0.33061485165342425
Upper Egypt,EgPtol1,-300,6.84509804,6.0,5.0,7.0,1.0,0.916666667,1.0,0.9625,5.0,0.887760354,1,2.614402011852577,-0.22691947201706944
Upper Egypt,EgPtol2,-200,6.602059991,5.806179974,5.477121255,6.495640641,1.0,0.916666667,1.0,0.9625,5.0,0.879593752,1,2.5774885482325125,-0.25481824590484325
Upper Egypt,EgPtol2,-100,6.602059991,5.571708832,5.698970004,6.495640641,1.0,0.916666667,1.0,0.9625,5.0,0.879200369,1,2.595425584238165,-0.248766787141571
Upper Egypt,ItRomPr,0,7.698970004,6.653212514,6.032370081,8.174936886,0.645454545,0.991666667,0.833333333,1.0,5.0,0.926778876,1,3.0347094158675207,1.0942900105464186
Upper Egypt,ItRomPr,100,7.721346318,6.763427994,6.059856612,8.174936886,0.645454545,0.991666667,0.833333333,1.0,5.0,0.931204977,1,3.0707870193002615,1.139376248281588
Upper Egypt,ItRomPr,200,7.820478362,6.698970004,6.0,8.174936886,0.645454545,0.991666667,0.833333333,1.0,5.0,0.929826614,1,3.061044866842741,1.1221693814663987
Upper Egypt,TrRomDm,300,7.764540313,6.632242167,5.903089987,7.177000769,0.827272727,0.991666667,0.833333333,0.9875,5.0,0.928458305,1,3.0093859174564948,0.7569160035081258
Upper Egypt,TrERom*,400,7.176091259,6.113943352,5.477121255,7.666666667,0.909090909,0.916666667,0.983333333,1.0,5.0,0.912166058,1,2.890189431363002,0.20367957418454666
Upper Egypt,TrERom*,500,7.301029996,6.161264934,5.698970004,7.666666667,0.909090909,0.916666667,0.983333333,1.0,5.0,0.922031865,1,2.9940369933543853,0.31614421765877204
Upper Egypt,TrERom*,600,7.041392685,6.176091259,5.176091259,7.666666667,0.909090909,0.916666667,0.983333333,1.0,5.0,0.90158306,1,2.783169794074224,0.09434852673691398
Upper Egypt,SyCalUm,700,7.391731577,6.954242509,5.479298043,4.864308302,0.554545455,0.908333333,0.842857143,1.0,5.0,0.841906264,1,2.1186126633824256,0.5469932953279402
Upper Egypt,IqAbbs1,800,7.489246297,6.919078092,5.84509804,6.0,0.645454545,0.908333333,0.857142857,1.0,5.0,0.8674214,1,2.545518052167251,0.7565241285353802
Upper Egypt,EgTulIk,900,6.812913357,5.910301477,5.176091259,5.666666667,0.6,0.9,0.857142857,0.9375,5.0,0.807219453,1,1.8222816116476561,0.15466033869271126
Upper Egypt,TnFatim,1000,7.129101558,6.146128036,5.079181246,6.608274484,0.9,0.925,0.857142857,1.0,5.0,0.866663684,1,2.4591134701543913,0.07048313471093505
Upper Egypt,TnFatim,1100,6.597168093,5.800029359,5.079181246,6.608274484,0.9,0.925,0.857142857,1.0,5.0,0.847958006,1,2.27089396257512,-0.13956723119628722
Upper Egypt,EgAyyub,1200,6.958007576,6.185246516,5.301029996,5.950146747,0.718181818,0.909090909,0.857142857,1.0,5.0,0.839821765,1,2.1798168664711817,0.18609939425794822
Upper Egypt,EgMamBh,1300,6.827354829,6.322219295,5.301029996,7.666666667,0.9,0.908333333,0.857142857,0.9875,5.0,0.893062495,1,2.6504861102453163,0.31710441723315913
Upper Egypt,EgMamCP,1400,6.681241237,6.322219295,5.49348822,7.666666667,0.9,0.908333333,0.857142857,1.0,5.0,0.893948972,1,2.6867123857498036,0.3390587897262915
Upper Egypt,EgMamBu,1500,6.77815125,6.322219295,5.370948245,7.0,0.9,0.966666667,0.857142857,0.9875,5.0,0.883267825,1,2.6095306367156375,0.18414794920257152
Upper Egypt,TrOttm3,1600,7.447158031,6.684486292,5.819190474,8.036426254,0.990909091,0.916666667,1.0,1.0,5.0,0.958306584,1,3.334881925842246,0.500165163706995
Upper Egypt,TrOttm4,1700,7.380211242,6.673323264,5.84509804,8.327408196,0.990909091,0.916666667,1.0,1.0,5.0,0.95750208,1,3.375886772009357,0.5366457821826878
Valley of Oaxaca,MxTieLa,-1400,1.985733867,2.146534405,2.287969098,1.0,0.1,0.109090909,0.0,0.0,0.0,0.086317802,0,-5.590398963847081,-0.1823907018306844
Valley of Oaxaca,MxSanGu,-1100,3.156372644,2.829922638,3.089084284,1.5,0.045454545,0.02,0.0,0.0,0.0,0.144372477,0,-5.01845839670202,0.7098275727907979
Valley of Oaxaca,MxRosar,-700,3.204924983,2.722196987,3.0,2.0,0.03,0.027272727,0.5,0.125,0.0,0.197470149,0,-4.379800634865699,0.004188916408674626
Valley of Oaxaca,MxAlb1E,-500,3.954709364,3.113943352,3.301029996,1.61391153,0.0,0.0,0.5,0.125,0.0,0.226409701,0,-4.170994699191657,0.35750217223433467
Valley of Oaxaca,MxAlb1E,-400,3.954709364,3.113943352,3.722633923,1.61391153,0.0,0.0,0.5,0.125,0.0,0.238933427,0,-4.044228996506316,0.4958496647408689
Valley of Oaxaca,MxAlb1L,-300,4.698970004,3.698970004,3.722633923,3.0,0.64,0.25,0.333333333,0.125,0.0,0.362030791,0,-2.7588490347033288,0.508347733969226
Valley of Oaxaca,MxAlb2*,-100,4.703821144,4.301029996,4.161368002,3.0,0.5,0.25,0.166666667,0.125,0.0,0.356034172,0,-2.8091482153848175,1.1586606383146776
Valley of Oaxaca,MxAlb3A,200,5.019351015,4.150614465,4.452372288,2.742830176,0.375,0.190909091,0.3,0.125,0.0,0.353805086,0,-2.788399967634959,1.21933182154888
Valley of Oaxaca,MxAlb3B,500,3.951657646,3.193412263,4.356012503,2.589946494,0.64,0.044444444,0.557142857,0.125,0.9,0.370858324,0,-2.747068792248296,0.1197807231100761
Valley of Oaxaca,MxAlb3B,700,3.951657646,5.041384699,4.356012503,2.256613161,0.64,0.044444444,0.557142857,0.125,0.9,0.364242963,0,-2.420178867480671,0.5940749126355895
Valley of Oaxaca,MxAlb5*,900,4.004814372,3.88104551,3.836284007,2.000208858,0.7,0.05,0.56,0.125,0.0,0.344569206,0,-2.9430638548675025,0.10017921754238884
Valley of Oaxaca,MxAlb5*,1000,4.004814372,4.012329046,3.836284007,2.132442597,0.7,0.05,0.56,0.125,0.0,0.345488743,0,-2.8929611063159175,0.1580894404412943
Yemeni Coastal Plain,YeHmyr2,400,5.546353104,5.415712548,4.045448922,4.666666667,0.62,0.78,1.0,0.85,5.0,0.729009922,1,0.8894042948409686,-0.8167319952800437
Yemeni Coastal Plain,IrSasn2,600,7.344392274,6.414973348,5.698970004,6.489439991,0.7,0.97,0.814285714,0.975,5.0,0.874001984,1,2.5094923519401826,0.5944359615645074
Yemeni Coastal Plain,SyCalUm,700,7.391731577,6.954242509,5.479298043,4.864308302,0.554545455,0.908333333,0.842857143,1.0,5.0,0.841906264,1,2.1186126633824256,0.5469932953279402
Yemeni Coastal Plain,YeZiyad,900,4.813146712,4.39189849,3.86138344,3.342099061,0.92,0.9,0.9,0.9,3.6,0.686558983,1,0.3588336674018228,-1.6421599785679475
Yemeni Coastal Plain,YeWarLd,1100,5.212883073,5.342954616,3.326582422,4.166307377,0.975,0.96,0.966666667,0.985714286,5.0,0.802860511,1,1.1371930250930098,-1.7320840559062691
Yemeni Coastal Plain,EgAyyub,1200,6.958007576,6.185246516,5.301029996,5.950146747,0.718181818,0.909090909,0.857142857,1.0,5.0,0.839821765,1,2.1798168664711817,0.18609939425794822
Yemeni Coastal Plain,YeRasul,1300,5.881657749,6.536808032,4.698970004,4.5,0.977777778,0.95,1.0,1.0,4.5,0.80171977,1,1.9480292764718545,-0.7464688245008206
Yemeni Coastal Plain,YeTahir,1500,5.45429018,5.762184359,5.171691705,4.5,0.888888889,0.966666667,1.0,1.0,5.0,0.79706218,1,1.853501054481113,-0.8891510191394846
Yemeni Coastal Plain,TrOttm3,1600,7.447158031,6.684486292,5.819190474,8.036426254,0.990909091,0.916666667,1.0,1.0,5.0,0.958306584,1,3.334881925842246,0.500165163706995
Yemeni Coastal Plain,YeQasmi,1700,5.418268189,5.553020095,3.661252435,3.0,0.572727273,0.272727273,0.833333333,0.814285714,5.0,0.568927825,1,-0.3099611609863302,-0.5404322367966534
