Label,Time,x1,x2
Big Island Hawaii,0.0,-2.683683980841438,0.417203348178374
Big Island Hawaii,1.0,-2.683683980841438,0.417203348178374
Big Island Hawaii,2.0,-2.3088534871557163,0.3817459170785985
Big Island Hawaii,3.0,-2.250166253792847,0.4404071250574182
Big Island Hawaii,4.0,-1.92036298271328,0.4586673702745268
Big Island Hawaii,5.0,-1.2783941590087209,0.7011198394202466
Big Island Hawaii,6.0,-2.201987113744315,0.4843551851406228
Big Island Hawaii,7.0,-1.2860508432803106,0.7755859769288638
Big Island Hawaii,8.0,-0.8479368870353917,1.0577029510189242
Cahokia,0.0,-3.73415157212842,-0.3036626407340204
Cahokia,1.0,-3.73415157212842,-0.3036626407340204
Cahokia,2.0,-3.73415157212842,-0.3036626407340204
Cahokia,3.0,-3.73415157212842,-0.3036626407340204
Cahokia,4.0,-3.73415157212842,-0.3036626407340204
Cahokia,5.0,-3.637493131915251,-0.1541215202239649
Cahokia,6.0,-3.637493131915251,-0.1541215202239649
Cahokia,7.0,-3.637493131915251,-0.1541215202239649
Cahokia,8.0,-3.637493131915251,-0.1541215202239649
Cahokia,9.0,-3.9060697915850064,-0.6929433696881534
Cahokia,10.0,-3.9060697915850064,-0.6929433696881534
Cahokia,11.0,-3.9811391352050887,-0.8312386260665946
Cahokia,12.0,-3.8946110698863055,-0.8086804370931985
Cahokia,13.0,-3.8946110698863055,-0.8086804370931985
Cahokia,14.0,-3.1681511184705533,-0.0294284581875881
Cahokia,15.0,-2.6435885301524755,-0.6299665463759738
Cahokia,16.0,-2.533477687923941,-0.582259362993319
Cahokia,17.0,-1.247032872800694,0.4820680641162444
Cahokia,18.0,-1.2495467808217842,0.5035016381249746
Cahokia,19.0,-1.6889327803059058,0.1342884623264154
Cahokia,20.0,-2.5172681143570417,-0.3422953647124633
Cahokia,21.0,-2.5172681143570417,-0.3422953647124633
Cahokia,22.0,-2.2347718825202105,-0.2373018751796972
Cahokia,23.0,-1.734657518845709,0.5103889514103449
Cambodian Basin,0.0,2.0859125315770277,-0.6904614066646225
Cambodian Basin,1.0,2.0859125315770277,-0.6904614066646225
Cambodian Basin,2.0,2.0859125315770277,-0.6904614066646225
Cambodian Basin,3.0,1.8360033167834853,-0.754642253707747
Cambodian Basin,4.0,2.684348028227719,-0.0309992100930527
Cambodian Basin,5.0,2.857407025419754,0.0374296941201497
Cambodian Basin,6.0,3.521492121346534,0.0743850290303572
Cambodian Basin,7.0,3.184109550614828,-0.1621822717752139
Cambodian Basin,8.0,3.516438315205998,0.0058925207534711
Cambodian Basin,9.0,3.516438315205998,0.0058925207534711
Cambodian Basin,10.0,3.2910516527998714,-0.0720753381466644
Cambodian Basin,11.0,3.2910516527998714,-0.0720753381466644
Cambodian Basin,12.0,3.174034633429512,-0.3326862340112568
Cambodian Basin,13.0,3.09750928975709,-0.2982668611507699
Cambodian Basin,14.0,3.012712249745444,-0.5586564849113222
Cambodian Basin,15.0,3.1669032993259005,-0.1481929363023154
Central Java,0.0,1.962603326725572,-1.0918259749640276
Central Java,1.0,2.01765874783984,-1.0679723832727002
Central Java,2.0,2.01765874783984,-1.0679723832727002
Central Java,3.0,2.6118648385445926,-0.8891379238525132
Central Java,4.0,2.739096586123126,-0.8365378124895892
Central Java,5.0,3.0044992226481475,-0.1980095112116942
Central Java,6.0,3.0044992226481475,-0.1980095112116942
Central Java,7.0,3.0044992226481475,-0.1980095112116942
Central Java,8.0,2.9286854544484364,-0.6976998121779108
Central Java,9.0,2.9286854544484364,-0.6976998121779108
Chuuk Islands,0.0,-3.4894993833033623,-0.672176842104469
Chuuk Islands,1.0,0.1328906702306087,-1.839034087694886
Cuzco,0.0,-2.26918060954667,0.8182299400129642
Cuzco,1.0,-2.3317324944733877,0.5873363611248833
Cuzco,2.0,-2.467799437141966,0.6086595431094108
Cuzco,3.0,-2.4000616734065923,0.5572378137739283
Cuzco,4.0,-2.301463074766709,0.7229000005531506
Cuzco,5.0,-2.301463074766709,0.7229000005531506
Cuzco,6.0,-0.058613138360319,0.664847026129319
Cuzco,7.0,-0.058613138360319,0.664847026129319
Cuzco,8.0,-0.058613138360319,0.664847026129319
Cuzco,9.0,-1.6120606912141953,0.3246748608604826
Cuzco,10.0,-1.6120606912141953,0.3246748608604826
Cuzco,11.0,-1.6120606912141953,0.3246748608604826
Cuzco,12.0,-0.7610707756345325,0.3639431102300951
Cuzco,13.0,1.3625554575048535,1.5164819170176134
Cuzco,14.0,1.2748638322912098,1.430351113660412
Deccan,0.0,-2.782225294349434,-0.0463942178402645
Deccan,1.0,-2.782225294349434,-0.0463942178402645
Deccan,2.0,-2.782225294349434,-0.0463942178402645
Deccan,3.0,-2.782225294349434,-0.0463942178402645
Deccan,4.0,-2.782225294349434,-0.0463942178402645
Deccan,5.0,-2.782225294349434,-0.0463942178402645
Deccan,6.0,-2.782225294349434,-0.0463942178402645
Deccan,7.0,-2.782225294349434,-0.0463942178402645
Deccan,8.0,-2.782225294349434,-0.0463942178402645
Deccan,9.0,-2.782225294349434,-0.0463942178402645
Deccan,10.0,-2.782225294349434,-0.0463942178402645
Deccan,11.0,-2.782225294349434,-0.0463942178402645
Deccan,12.0,-2.782225294349434,-0.0463942178402645
Deccan,13.0,-2.782225294349434,-0.0463942178402645
Deccan,14.0,-2.782225294349434,-0.0463942178402645
Deccan,15.0,-2.690059606308089,-0.7872640729723078
Deccan,16.0,-2.690059606308089,-0.7872640729723078
Deccan,17.0,-2.690059606308089,-0.7872640729723078
Deccan,18.0,-1.719930475263861,0.5916010509768758
Deccan,19.0,-1.719930475263861,0.5916010509768758
Deccan,20.0,-1.719930475263861,0.5916010509768758
Deccan,21.0,-1.719930475263861,0.5916010509768758
Deccan,22.0,-1.4817029314069432,0.695786793994371
Deccan,23.0,-1.4817029314069432,0.695786793994371
Deccan,24.0,3.7759315624349976,0.2205452649039628
Deccan,25.0,-1.4817029314069432,0.695786793994371
Deccan,26.0,2.85821449609305,0.1033352240900072
Deccan,27.0,2.853820807117561,0.0990197383154128
Deccan,28.0,2.8626481127990866,0.1076899269221021
Deccan,29.0,2.8794133539469278,0.1413806644724514
Deccan,30.0,2.9791662852104666,0.0483787966044273
Deccan,32.0,2.3676592232690576,-0.5719360311016563
Deccan,33.0,3.1672571631202446,-0.213866958048255
Deccan,34.0,3.233581179219141,-0.148723442067608
Deccan,35.0,2.895569814917403,0.205021202998497
Deccan,36.0,2.893365187293979,0.20285581550743
Deccan,37.0,3.322903929153328,0.1744526889015921
Deccan,39.0,2.9030331740976782,-0.634195985597457
Deccan,40.0,2.04421359716174,-1.1312136649041082
Deccan,41.0,3.3888342039710047,-0.3618382960299586
Deccan,42.0,3.4820932166491745,-0.3204089521766367
Deccan,43.0,3.5134426417906663,-0.3064822969773919
Deccan,44.0,4.151181252956071,0.4270645931024361
Finger Lakes,0.0,-1.6142972605245922,1.1027245039410518
Finger Lakes,1.0,-1.3753623293913082,1.3374066359972092
Garo Hills,0.0,-2.3187592346927723,0.5828072438215035
Ghanaian Coast,0.0,-0.6743819352095091,-0.0878600039017259
Ghanaian Coast,1.0,-0.6743819352095091,-0.0878600039017259
Ghanaian Coast,2.0,1.5105665835428463,1.0056622706584952
Iceland,0.0,-1.2039935596898186,0.5488254195599461
Iceland,1.0,-0.5738555166826164,0.3226957229480821
Iceland,2.0,0.093805890677398,0.0129384912533222
Iceland,3.0,0.6294061764978756,-0.0733863399493389
Kachi Plain,0.0,-3.6039816171908616,-1.4325636108897444
Kachi Plain,1.0,-3.6039816171908616,-1.4325636108897444
Kachi Plain,2.0,-3.6039816171908616,-1.4325636108897444
Kachi Plain,3.0,-3.6039816171908616,-1.4325636108897444
Kachi Plain,4.0,-3.6039816171908616,-1.4325636108897444
Kachi Plain,5.0,-3.6039816171908616,-1.4325636108897444
Kachi Plain,6.0,-3.6039816171908616,-1.4325636108897444
Kachi Plain,7.0,-3.6039816171908616,-1.4325636108897444
Kachi Plain,8.0,-3.6039816171908616,-1.4325636108897444
Kachi Plain,9.0,-3.6039816171908616,-1.4325636108897444
Kachi Plain,10.0,-3.6039816171908616,-1.4325636108897444
Kachi Plain,11.0,-3.6039816171908616,-1.4325636108897444
Kachi Plain,12.0,-3.6039816171908616,-1.4325636108897444
Kachi Plain,13.0,-3.6039816171908616,-1.4325636108897444
Kachi Plain,14.0,-3.6039816171908616,-1.4325636108897444
Kachi Plain,15.0,-3.6039816171908616,-1.4325636108897444
Kachi Plain,16.0,-3.6039816171908616,-1.4325636108897444
Kachi Plain,17.0,-3.6039816171908616,-1.4325636108897444
Kachi Plain,18.0,-3.6039816171908616,-1.4325636108897444
Kachi Plain,19.0,-3.6039816171908616,-1.4325636108897444
Kachi Plain,20.0,-3.045443239114723,-0.5941201939970675
Kachi Plain,21.0,-3.045443239114723,-0.5941201939970675
Kachi Plain,22.0,-3.045443239114723,-0.5941201939970675
Kachi Plain,23.0,-3.045443239114723,-0.5941201939970675
Kachi Plain,24.0,-3.045443239114723,-0.5941201939970675
Kachi Plain,25.0,-3.045443239114723,-0.5941201939970675
Kachi Plain,26.0,-3.045443239114723,-0.5941201939970675
Kachi Plain,27.0,-3.045443239114723,-0.5941201939970675
Kachi Plain,28.0,-3.045443239114723,-0.5941201939970675
Kachi Plain,29.0,-3.045443239114723,-0.5941201939970675
Kachi Plain,30.0,-3.045443239114723,-0.5941201939970675
Kachi Plain,31.0,-3.045443239114723,-0.5941201939970675
Kachi Plain,32.0,-3.045443239114723,-0.5941201939970675
Kachi Plain,33.0,-3.045443239114723,-0.5941201939970675
Kachi Plain,34.0,-3.045443239114723,-0.5941201939970675
Kachi Plain,35.0,-2.009956667168318,0.1479914602181812
Kachi Plain,36.0,-2.009956667168318,0.1479914602181812
Kachi Plain,37.0,-2.009956667168318,0.1479914602181812
Kachi Plain,38.0,-2.009956667168318,0.1479914602181812
Kachi Plain,39.0,-2.009956667168318,0.1479914602181812
Kachi Plain,40.0,-2.009956667168318,0.1479914602181812
Kachi Plain,41.0,-2.009956667168318,0.1479914602181812
Kachi Plain,42.0,-2.009956667168318,0.1479914602181812
Kachi Plain,43.0,-2.115869033600549,-0.09437578642314
Kachi Plain,44.0,-2.115869033600549,-0.09437578642314
Kachi Plain,45.0,-2.115869033600549,-0.09437578642314
Kachi Plain,46.0,-2.115869033600549,-0.09437578642314
Kachi Plain,47.0,-2.115869033600549,-0.09437578642314
Kachi Plain,48.0,-2.115869033600549,-0.09437578642314
Kachi Plain,49.0,-2.115869033600549,-0.09437578642314
Kachi Plain,50.0,1.819880836789001,0.1681759622595812
Kachi Plain,51.0,1.819880836789001,0.1681759622595812
Kachi Plain,52.0,1.819880836789001,0.1681759622595812
Kachi Plain,53.0,1.819880836789001,0.1681759622595812
Kachi Plain,54.0,1.819880836789001,0.1681759622595812
Kachi Plain,55.0,1.819880836789001,0.1681759622595812
Kachi Plain,56.0,1.819880836789001,0.1681759622595812
Kachi Plain,57.0,-2.123906211633065,-0.5251603661897155
Kachi Plain,58.0,-2.123906211633065,-0.5251603661897155
Kachi Plain,59.0,-2.123906211633065,-0.5251603661897155
Kachi Plain,60.0,-2.123906211633065,-0.5251603661897155
Kachi Plain,61.0,-2.123906211633065,-0.5251603661897155
Kachi Plain,62.0,-1.414807558275308,-0.4342930911813383
Kachi Plain,63.0,-1.414807558275308,-0.4342930911813383
Kachi Plain,64.0,-1.414807558275308,-0.4342930911813383
Kachi Plain,65.0,-1.414807558275308,-0.4342930911813383
Kachi Plain,66.0,-1.414807558275308,-0.4342930911813383
Kachi Plain,67.0,-1.414807558275308,-0.4342930911813383
Kachi Plain,68.0,-1.414807558275308,-0.4342930911813383
Kachi Plain,69.0,-1.414807558275308,-0.4342930911813383
Kachi Plain,70.0,3.8790091939807847,0.2884545786507523
Kachi Plain,71.0,3.87292580038962,0.2484197610723399
Kachi Plain,72.0,3.7759315624349976,0.2205452649039628
Kachi Plain,73.0,3.7759315624349976,0.2205452649039628
Kachi Plain,74.0,2.6091263805311296,-0.9211937965231228
Kachi Plain,75.0,3.5042747147524542,0.2071234330056768
Kachi Plain,76.0,3.2139508085863984,0.0885262702003406
Kachi Plain,77.0,3.154020853751677,0.0674550263263842
Kachi Plain,78.0,3.245417402083554,0.2907829878396339
Kachi Plain,79.0,3.3663051068679817,0.3675621578909415
Kachi Plain,80.0,3.054882930590548,0.1440673362435841
Kachi Plain,81.0,3.819410554024367,0.2821051864610772
Kachi Plain,82.0,3.4396385968850303,0.4845119416255752
Kachi Plain,83.0,3.83921438946321,0.5596718417708381
Kachi Plain,84.0,2.7143465718286364,-0.7327525922770878
Kachi Plain,85.0,2.3771740448537853,-0.8360123766612884
Kachi Plain,86.0,2.1427995391010155,-0.4290771073119492
Kachi Plain,87.0,3.511614457539434,-0.1518652158225104
Kachi Plain,88.0,4.227747464573051,-0.2054482197994406
Kachi Plain,89.0,2.4303446029026907,-0.6604506495010162
Kachi Plain,90.0,2.556917352538966,-0.6139656046132351
Kachi Plain,91.0,3.1202368311881883,-0.8101529817661186
Kachi Plain,92.0,4.151181252956071,0.4270645931024361
Kachi Plain,93.0,2.1360375355025973,-0.1815426039103526
Kansai,0.0,-2.157648463013732,-1.767756445088283
Kansai,1.0,-2.157648463013732,-1.767756445088283
Kansai,2.0,-2.157648463013732,-1.767756445088283
Kansai,3.0,-2.157648463013732,-1.767756445088283
Kansai,4.0,-2.157648463013732,-1.767756445088283
Kansai,5.0,-2.157648463013732,-1.767756445088283
Kansai,6.0,0.0824588068742487,-0.283531560389565
Kansai,7.0,0.4908503731367185,-0.4055774146724974
Kansai,8.0,1.201605207476537,-0.705711279846897
Kansai,9.0,2.7992566273429222,-0.5739606816918633
Kansai,10.0,3.023044822243924,-0.4606930745933941
Kansai,11.0,3.322379810911692,-0.4147172502326671
Kansai,12.0,3.3481813454293947,-0.3893749568215903
Kansai,13.0,3.317835330937506,-0.4107554862589971
Kansai,14.0,3.3377590543415967,-0.3911863848940698
Kansai,15.0,3.1534805491820546,-0.1366580445991475
Kansai,16.0,3.1075717665377307,-0.1583831120525452
Kansai,17.0,3.302652234570823,-0.0160115720761248
Kansai,18.0,2.648490456551266,-0.6243285041796062
Kansai,19.0,3.390485417149574,-0.2682932245522209
Kansai,20.0,4.333131557552197,-0.4292006068400606
Kansai,21.0,4.349990248120425,-0.4173179338790502
Kapuasi Basin,0.0,-3.116026360935675,-0.3219981516055769
Kapuasi Basin,1.0,-3.116026360935675,-0.3219981516055769
Kapuasi Basin,2.0,-0.997812030696812,0.311547615390544
Konya Plain,0.0,-3.5822506497627487,0.904510934324942
Konya Plain,1.0,-3.5822506497627487,0.904510934324942
Konya Plain,2.0,-3.5822506497627487,0.904510934324942
Konya Plain,3.0,-3.5822506497627487,0.904510934324942
Konya Plain,4.0,-3.5822506497627487,0.904510934324942
Konya Plain,5.0,-3.5822506497627487,0.904510934324942
Konya Plain,6.0,-3.5822506497627487,0.904510934324942
Konya Plain,7.0,-3.5822506497627487,0.904510934324942
Konya Plain,8.0,-3.5822506497627487,0.904510934324942
Konya Plain,9.0,-3.5822506497627487,0.904510934324942
Konya Plain,10.0,-3.5822506497627487,0.904510934324942
Konya Plain,11.0,-3.5822506497627487,0.904510934324942
Konya Plain,12.0,-3.5822506497627487,0.904510934324942
Konya Plain,13.0,-3.5822506497627487,0.904510934324942
Konya Plain,14.0,-3.5822506497627487,0.904510934324942
Konya Plain,15.0,-3.5822506497627487,0.904510934324942
Konya Plain,16.0,-3.5822506497627487,0.904510934324942
Konya Plain,17.0,-3.5822506497627487,0.904510934324942
Konya Plain,18.0,-3.5822506497627487,0.904510934324942
Konya Plain,19.0,-3.5822506497627487,0.904510934324942
Konya Plain,20.0,-3.5822506497627487,0.904510934324942
Konya Plain,21.0,-3.5822506497627487,0.904510934324942
Konya Plain,22.0,-3.5822506497627487,0.904510934324942
Konya Plain,23.0,-3.5822506497627487,0.904510934324942
Konya Plain,24.0,-3.5822506497627487,0.904510934324942
Konya Plain,25.0,-3.5822506497627487,0.904510934324942
Konya Plain,26.0,-3.149537265136523,0.7536774755783882
Konya Plain,27.0,-3.149537265136523,0.7536774755783882
Konya Plain,28.0,-3.149537265136523,0.7536774755783882
Konya Plain,29.0,-3.149537265136523,0.7536774755783882
Konya Plain,30.0,-2.2946334090731733,1.2046883503944257
Konya Plain,31.0,-2.2946334090731733,1.2046883503944257
Konya Plain,32.0,-2.2946334090731733,1.2046883503944257
Konya Plain,33.0,-2.2946334090731733,1.2046883503944257
Konya Plain,34.0,-2.2946334090731733,1.2046883503944257
Konya Plain,35.0,-2.2946334090731733,1.2046883503944257
Konya Plain,36.0,-2.40368135603811,0.8023658487719592
Konya Plain,37.0,-2.40368135603811,0.8023658487719592
Konya Plain,38.0,-2.40368135603811,0.8023658487719592
Konya Plain,39.0,-2.40368135603811,0.8023658487719592
Konya Plain,40.0,-2.40368135603811,0.8023658487719592
Konya Plain,46.0,-1.9689473251173464,-0.4001773854190577
Konya Plain,47.0,-1.9689473251173464,-0.4001773854190577
Konya Plain,48.0,-1.9689473251173464,-0.4001773854190577
Konya Plain,49.0,-1.9689473251173464,-0.4001773854190577
Konya Plain,50.0,-1.9689473251173464,-0.4001773854190577
Konya Plain,51.0,-1.9689473251173464,-0.4001773854190577
Konya Plain,52.0,-1.9689473251173464,-0.4001773854190577
Konya Plain,53.0,-1.9689473251173464,-0.4001773854190577
Konya Plain,54.0,-1.9689473251173464,-0.4001773854190577
Konya Plain,55.0,-1.9689473251173464,-0.4001773854190577
Konya Plain,56.0,-1.9689473251173464,-0.4001773854190577
Konya Plain,57.0,-1.9689473251173464,-0.4001773854190577
Konya Plain,58.0,-1.9689473251173464,-0.4001773854190577
Konya Plain,59.0,-1.9689473251173464,-0.4001773854190577
Konya Plain,60.0,-1.9689473251173464,-0.4001773854190577
Konya Plain,61.0,-1.9689473251173464,-0.4001773854190577
Konya Plain,62.0,-1.9689473251173464,-0.4001773854190577
Konya Plain,63.0,-1.9689473251173464,-0.4001773854190577
Konya Plain,64.0,-1.9689473251173464,-0.4001773854190577
Konya Plain,65.0,-1.9689473251173464,-0.4001773854190577
Konya Plain,66.0,-1.3410920916395948,0.2434884349506431
Konya Plain,67.0,-1.3410920916395948,0.2434884349506431
Konya Plain,68.0,-1.3410920916395948,0.2434884349506431
Konya Plain,69.0,-1.3410920916395948,0.2434884349506431
Konya Plain,70.0,-1.3410920916395948,0.2434884349506431
Konya Plain,71.0,-1.3410920916395948,0.2434884349506431
Konya Plain,72.0,-1.3410920916395948,0.2434884349506431
Konya Plain,73.0,-1.3410920916395948,0.2434884349506431
Konya Plain,74.0,-1.3410920916395948,0.2434884349506431
Konya Plain,75.0,-1.3410920916395948,0.2434884349506431
Konya Plain,76.0,1.135242933076022,-0.6000461869879886
Konya Plain,77.0,1.135242933076022,-0.6000461869879886
Konya Plain,78.0,1.135242933076022,-0.6000461869879886
Konya Plain,79.0,1.135242933076022,-0.6000461869879886
Konya Plain,80.0,1.8858518831587083,-0.2798913372312723
Konya Plain,81.0,2.100921230782422,-0.3011061814172184
Konya Plain,82.0,2.016865661142435,-0.4830071510956761
Konya Plain,83.0,2.085547218729245,0.0722731295328676
Konya Plain,84.0,2.0958438698781547,0.0945556604400937
Konya Plain,85.0,1.334603985591157,-1.2772987964665523
Konya Plain,86.0,1.334603985591157,-1.2772987964665523
Konya Plain,87.0,1.3383224220722956,-0.6671983171153811
Konya Plain,88.0,1.5887406577567946,0.2606670794634022
Konya Plain,89.0,1.5887406577567946,0.2606670794634022
Konya Plain,90.0,2.542717237168105,-0.7048448284354578
Konya Plain,91.0,3.8790091939807847,0.2884545786507523
Konya Plain,92.0,3.87292580038962,0.2484197610723399
Konya Plain,93.0,2.692118720932924,-0.3208024490374224
Konya Plain,94.0,2.950699723073788,-0.818339023786599
Konya Plain,95.0,1.9994269041228665,-0.5635876508027623
Konya Plain,96.0,4.303041105869887,0.5912329145441623
Konya Plain,97.0,4.334518896928936,0.6415343588671928
Konya Plain,98.0,4.325722246123092,0.6279186524472719
Konya Plain,99.0,4.2788712087191785,0.4141924905739289
Konya Plain,100.0,4.186991906580288,0.0661600427204957
Konya Plain,101.0,4.279264832347214,0.1345964868055085
Konya Plain,102.0,4.091116761325942,0.0289084144446529
Konya Plain,103.0,3.542060747237119,-0.1840089460796424
Konya Plain,104.0,3.5848532994037394,-0.146745030452012
Konya Plain,105.0,3.8121099232430153,-0.0283631552431273
Konya Plain,106.0,3.841982929687712,0.0849686083152869
Konya Plain,107.0,2.816015399399265,-0.4793903374946762
Konya Plain,108.0,2.816015399399265,-0.4793903374946762
Konya Plain,109.0,3.118218012654836,0.5210470738364615
Konya Plain,110.0,3.2390717141964918,-0.3702577992676016
Konya Plain,111.0,3.9732651818377622,-0.0293851569642653
Konya Plain,112.0,4.588807182625176,0.3556008586421531
Konya Plain,113.0,4.629072387307457,0.3626355846109577
Konya Plain,114.0,4.701428076820258,0.5606582689185527
Latium,0.0,-2.820959682367478,0.3565423557368652
Latium,1.0,-2.820959682367478,0.3565423557368652
Latium,2.0,-2.820959682367478,0.3565423557368652
Latium,3.0,-2.820959682367478,0.3565423557368652
Latium,4.0,-2.820959682367478,0.3565423557368652
Latium,5.0,-2.820959682367478,0.3565423557368652
Latium,6.0,-2.820959682367478,0.3565423557368652
Latium,7.0,-2.820959682367478,0.3565423557368652
Latium,8.0,-2.820959682367478,0.3565423557368652
Latium,9.0,-2.820959682367478,0.3565423557368652
Latium,10.0,-2.820959682367478,0.3565423557368652
Latium,11.0,-2.820959682367478,0.3565423557368652
Latium,12.0,-2.820959682367478,0.3565423557368652
Latium,13.0,-2.820959682367478,0.3565423557368652
Latium,14.0,-2.820959682367478,0.3565423557368652
Latium,15.0,-2.820959682367478,0.3565423557368652
Latium,16.0,-2.820959682367478,0.3565423557368652
Latium,17.0,-2.820959682367478,0.3565423557368652
Latium,18.0,-3.4064169273270086,-0.0705153214024238
Latium,19.0,-3.4064169273270086,-0.0705153214024238
Latium,20.0,-3.4064169273270086,-0.0705153214024238
Latium,21.0,-3.4064169273270086,-0.0705153214024238
Latium,22.0,-3.4064169273270086,-0.0705153214024238
Latium,23.0,-3.4064169273270086,-0.0705153214024238
Latium,24.0,-3.244224929558018,-0.3011607460633962
Latium,25.0,-3.244224929558018,-0.3011607460633962
Latium,26.0,-2.514082088246537,0.1866921801602735
Latium,27.0,-2.514082088246537,0.1866921801602735
Latium,28.0,-2.4235619178423784,0.4088456830467704
Latium,29.0,0.7051857862468963,-1.1467352703107958
Latium,30.0,0.9645141577982363,-1.111470777535171
Latium,31.0,1.3241188620244786,-1.3054190080050545
Latium,32.0,1.4459519836502897,-1.3220216176798063
Latium,33.0,2.075898614538601,-0.5279078938012582
Latium,34.0,2.744410233392155,0.0815404020091266
Latium,35.0,3.3838462307478263,0.5498955324150726
Latium,36.0,4.303041105869887,0.5912329145441623
Latium,37.0,4.334518896928936,0.6415343588671928
Latium,38.0,4.325722246123092,0.6279186524472719
Latium,39.0,4.2788712087191785,0.4141924905739289
Latium,40.0,4.193908239057556,0.2314715927734376
Latium,41.0,3.3757395770462546,-0.2309953864149252
Latium,42.0,2.565770967709162,-0.7003278420363688
Latium,43.0,2.753954927070202,-0.6067701949873116
Latium,44.0,2.6941494090239377,-0.656005257881962
Latium,45.0,2.579823283157679,-0.715706702486742
Latium,46.0,2.4182223397677847,-0.6313075170078047
Latium,47.0,2.299660974848707,-0.8258084956125845
Latium,48.0,2.621667579700731,-0.8091280640843697
Latium,49.0,2.621667579700731,-0.8091280640843697
Latium,50.0,2.480471746263329,-0.7922761562442979
Latium,51.0,2.4311678451650724,-0.7704045395737491
Latium,52.0,2.8690653562176194,-0.8931848774879174
Latium,53.0,3.000452566568589,-0.8113332796279165
Latium,54.0,3.0347545327993863,-0.7875682031853298
Lena River Valley,0.0,-2.8620970921849054,0.3898500058550501
Lena River Valley,1.0,-2.8620970921849054,0.3898500058550501
Lena River Valley,2.0,-2.8620970921849054,0.3898500058550501
Lowland Andes,0.0,-2.7272539695592526,-0.3840685067898805
Lowland Andes,1.0,-2.7272539695592526,-0.3840685067898805
Lowland Andes,2.0,-2.7272539695592526,-0.3840685067898805
Lowland Andes,3.0,-2.3689370871860795,-0.1947436128134387
Middle Yellow River Valley,0.0,-2.550532402219866,0.3574887059596583
Middle Yellow River Valley,1.0,-2.550532402219866,0.3574887059596583
Middle Yellow River Valley,2.0,-2.550532402219866,0.3574887059596583
Middle Yellow River Valley,3.0,-2.550532402219866,0.3574887059596583
Middle Yellow River Valley,4.0,-2.550532402219866,0.3574887059596583
Middle Yellow River Valley,5.0,-2.550532402219866,0.3574887059596583
Middle Yellow River Valley,6.0,-2.550532402219866,0.3574887059596583
Middle Yellow River Valley,7.0,-2.550532402219866,0.3574887059596583
Middle Yellow River Valley,8.0,-2.550532402219866,0.3574887059596583
Middle Yellow River Valley,9.0,-2.550532402219866,0.3574887059596583
Middle Yellow River Valley,10.0,-2.550532402219866,0.3574887059596583
Middle Yellow River Valley,11.0,-2.550532402219866,0.3574887059596583
Middle Yellow River Valley,12.0,-2.550532402219866,0.3574887059596583
Middle Yellow River Valley,13.0,-2.550532402219866,0.3574887059596583
Middle Yellow River Valley,14.0,-2.550532402219866,0.3574887059596583
Middle Yellow River Valley,15.0,-2.550532402219866,0.3574887059596583
Middle Yellow River Valley,16.0,-2.550532402219866,0.3574887059596583
Middle Yellow River Valley,17.0,-2.550532402219866,0.3574887059596583
Middle Yellow River Valley,18.0,-2.550532402219866,0.3574887059596583
Middle Yellow River Valley,19.0,-2.550532402219866,0.3574887059596583
Middle Yellow River Valley,20.0,0.4378559542331736,-0.4867419847251253
Middle Yellow River Valley,21.0,0.4378559542331736,-0.4867419847251253
Middle Yellow River Valley,22.0,0.4378559542331736,-0.4867419847251253
Middle Yellow River Valley,23.0,0.4378559542331736,-0.4867419847251253
Middle Yellow River Valley,24.0,0.4378559542331736,-0.4867419847251253
Middle Yellow River Valley,25.0,0.4378559542331736,-0.4867419847251253
Middle Yellow River Valley,26.0,0.4378559542331736,-0.4867419847251253
Middle Yellow River Valley,27.0,0.4378559542331736,-0.4867419847251253
Middle Yellow River Valley,28.0,0.4378559542331736,-0.4867419847251253
Middle Yellow River Valley,29.0,0.4378559542331736,-0.4867419847251253
Middle Yellow River Valley,30.0,0.4378559542331736,-0.4867419847251253
Middle Yellow River Valley,31.0,0.4378559542331736,-0.4867419847251253
Middle Yellow River Valley,32.0,0.7707303654529166,-0.327014829398863
Middle Yellow River Valley,33.0,0.7707303654529166,-0.327014829398863
Middle Yellow River Valley,34.0,1.7756072642457488,0.8699608079233979
Middle Yellow River Valley,35.0,1.7756072642457488,0.8699608079233979
Middle Yellow River Valley,36.0,1.7756072642457488,0.8699608079233979
Middle Yellow River Valley,37.0,1.7756072642457488,0.8699608079233979
Middle Yellow River Valley,38.0,2.181366768808211,0.4867547741489891
Middle Yellow River Valley,39.0,2.65724860779042,0.546819187739881
Middle Yellow River Valley,40.0,2.6921213775125588,0.5475681173733967
Middle Yellow River Valley,41.0,2.7876148241326826,0.6272823117487442
Middle Yellow River Valley,42.0,2.8006948514630285,0.6401295278785867
Middle Yellow River Valley,43.0,2.270600550399092,-0.0714748921713551
Middle Yellow River Valley,44.0,2.270600550399092,-0.0714748921713551
Middle Yellow River Valley,45.0,2.270600550399092,-0.0714748921713551
Middle Yellow River Valley,46.0,2.37704663518967,-0.7109649378892707
Middle Yellow River Valley,47.0,2.94692315724334,-0.2896335132200313
Middle Yellow River Valley,48.0,3.981180179812093,0.2320188119903339
Middle Yellow River Valley,49.0,4.030262753100723,0.338236254971868
Middle Yellow River Valley,50.0,4.036018155406671,0.3506912685399823
Middle Yellow River Valley,51.0,4.0648655080122325,0.4463969256960894
Middle Yellow River Valley,52.0,3.661521819448313,0.18903019632684
Middle Yellow River Valley,53.0,3.8803200639201134,0.3734688056870298
Middle Yellow River Valley,54.0,3.4040536894650866,0.1064636017787313
Middle Yellow River Valley,55.0,3.634317796964259,0.4492318288181338
Middle Yellow River Valley,56.0,3.668320350076126,0.4311079825137471
Middle Yellow River Valley,57.0,4.060001780146608,0.4302301879776541
Middle Yellow River Valley,58.0,3.9936121467612016,0.2446286858888222
Middle Yellow River Valley,59.0,3.965534872877592,0.1460264387186924
Middle Yellow River Valley,60.0,4.7967817528119285,0.1197066349119148
Middle Yellow River Valley,61.0,4.856967263650698,0.1101340140636994
Middle Yellow River Valley,62.0,4.207841585426523,0.0199305163236153
Middle Yellow River Valley,63.0,4.697395157089349,0.4670657189468562
Middle Yellow River Valley,64.0,4.054288070877333,0.1118270387476669
Middle Yellow River Valley,65.0,4.228088957408523,0.2038869538440881
Middle Yellow River Valley,66.0,4.366396158212632,0.1784010148687342
Middle Yellow River Valley,67.0,4.8529064945681935,0.449667996978924
Middle Yellow River Valley,68.0,4.923394724931025,0.5220466857301868
Middle Yellow River Valley,69.0,4.961600452909539,0.54601871040153
Niger Inland Delta,0.0,-3.442540439451102,-0.9221606176694008
Niger Inland Delta,1.0,-3.442540439451102,-0.9221606176694008
Niger Inland Delta,2.0,-3.442540439451102,-0.9221606176694008
Niger Inland Delta,3.0,-2.494793750938103,0.3030347335443195
Niger Inland Delta,4.0,-2.494793750938103,0.3030347335443195
Niger Inland Delta,5.0,-2.494793750938103,0.3030347335443195
Niger Inland Delta,6.0,-1.577431048023008,0.1335240934806678
Niger Inland Delta,7.0,-1.577431048023008,0.1335240934806678
Niger Inland Delta,8.0,-1.577431048023008,0.1335240934806678
Niger Inland Delta,9.0,-1.577431048023008,0.1335240934806678
Niger Inland Delta,10.0,-1.577431048023008,0.1335240934806678
Niger Inland Delta,11.0,-1.037236884293354,-0.4068823193475284
Niger Inland Delta,12.0,0.870509857869393,0.3669421110849739
Niger Inland Delta,13.0,2.359456288342676,-0.3212644403373652
Niger Inland Delta,14.0,2.359456288342676,-0.3212644403373652
Niger Inland Delta,15.0,2.4152300444500128,0.2108202334927054
Niger Inland Delta,16.0,2.4055285689015125,0.2162808291433261
Niger Inland Delta,17.0,2.858342017497714,-0.0888367747792933
Niger Inland Delta,18.0,3.319576399136402,-0.4538711355927575
Niger Inland Delta,19.0,3.319576399136402,-0.4538711355927575
Niger Inland Delta,20.0,2.691499745948501,0.0034251019800272
North Colombia,0.0,-1.827109336054114,-0.7042744441918811
North Colombia,1.0,-1.827109336054114,-0.7042744441918811
North Colombia,2.0,-1.827109336054114,-0.7042744441918811
North Colombia,3.0,-1.8926950283585435,-0.3052954407737488
North Colombia,4.0,-1.5759496961776538,-0.0409219927129807
North Colombia,5.0,-2.1400950081924246,-0.7691166628467785
North Colombia,6.0,-1.970820316085821,-0.7011917624165922
North Colombia,7.0,-2.2729526824351325,-0.8887856918038446
North Colombia,8.0,-0.7399445938059221,-1.720601502810175
North Colombia,9.0,-0.4970243954967775,-1.612686737945604
North Colombia,10.0,-0.4970243954967775,-1.612686737945604
North Colombia,11.0,-0.2019039849081489,-1.4155648884962233
North Colombia,12.0,-0.2019039849081489,-1.4155648884962233
Orkhon Valley,0.0,-1.3507195803782297,1.7298739801273668
Orkhon Valley,1.0,-1.3507195803782297,1.7298739801273668
Orkhon Valley,2.0,-1.3507195803782297,1.7298739801273668
Orkhon Valley,3.0,-1.3507195803782297,1.7298739801273668
Orkhon Valley,4.0,-1.3507195803782297,1.7298739801273668
Orkhon Valley,5.0,-1.3507195803782297,1.7298739801273668
Orkhon Valley,6.0,-1.3507195803782297,1.7298739801273668
Orkhon Valley,7.0,-1.3507195803782297,1.7298739801273668
Orkhon Valley,8.0,-1.3507195803782297,1.7298739801273668
Orkhon Valley,9.0,-1.3507195803782297,1.7298739801273668
Orkhon Valley,10.0,-1.6284867081403664,1.7785153811042875
Orkhon Valley,11.0,-1.6284867081403664,1.7785153811042875
Orkhon Valley,12.0,-0.1110060967597904,2.2389906291971267
Orkhon Valley,13.0,-0.1110060967597904,2.2389906291971267
Orkhon Valley,14.0,-0.3923102848951631,2.2657238101567394
Orkhon Valley,15.0,-0.2561331148867739,2.8366246827982446
Orkhon Valley,16.0,-0.2561331148867739,2.8366246827982446
Orkhon Valley,17.0,-0.5671050089343161,2.138178804915758
Orkhon Valley,18.0,-0.5671050089343161,2.138178804915758
Orkhon Valley,19.0,0.2555929306404151,1.646915486985106
Orkhon Valley,20.0,1.330213104726402,0.8040804356597651
Orkhon Valley,21.0,1.2915875395337115,0.7898601357162807
Orkhon Valley,22.0,1.5251790349973855,0.5679411829609384
Orkhon Valley,23.0,1.5251790349973855,0.5679411829609384
Orkhon Valley,24.0,2.856542506171297,0.1110696439901704
Orkhon Valley,25.0,2.856542506171297,0.1110696439901704
Orkhon Valley,26.0,-1.597730976356746,1.3265890749191311
Orkhon Valley,27.0,4.240058373752058,0.4520498043182075
Orkhon Valley,28.0,2.170921646220874,0.4994865163880466
Orkhon Valley,29.0,2.170921646220874,0.4994865163880466
Orkhon Valley,30.0,1.6713806220392686,0.0245342421448715
Orkhon Valley,31.0,2.24953018253656,-0.5453950251576026
Orkhon Valley,32.0,4.923394724931025,0.5220466857301868
Orkhon Valley,33.0,4.961600452909539,0.54601871040153
Oro PNG,0.0,-1.780542115671298,1.0001801418210006
Paris Basin,0.0,-2.069300289381278,-0.4691735278361416
Paris Basin,1.0,-2.069300289381278,-0.4691735278361416
Paris Basin,2.0,-2.069300289381278,-0.4691735278361416
Paris Basin,3.0,-2.069300289381278,-0.4691735278361416
Paris Basin,4.0,-2.069300289381278,-0.4691735278361416
Paris Basin,5.0,-2.069300289381278,-0.4691735278361416
Paris Basin,6.0,-2.069300289381278,-0.4691735278361416
Paris Basin,7.0,-2.069300289381278,-0.4691735278361416
Paris Basin,8.0,-2.069300289381278,-0.4691735278361416
Paris Basin,9.0,-2.069300289381278,-0.4691735278361416
Paris Basin,10.0,-2.3571490592948585,-0.6342632805814977
Paris Basin,11.0,-2.3571490592948585,-0.6342632805814977
Paris Basin,12.0,-2.3571490592948585,-0.6342632805814977
Paris Basin,13.0,-2.3571490592948585,-0.6342632805814977
Paris Basin,14.0,-2.3571490592948585,-0.6342632805814977
Paris Basin,15.0,-2.3571490592948585,-0.6342632805814977
Paris Basin,16.0,-2.3571490592948585,-0.6342632805814977
Paris Basin,17.0,-2.3571490592948585,-0.6342632805814977
Paris Basin,18.0,-2.3571490592948585,-0.6342632805814977
Paris Basin,19.0,-2.3571490592948585,-0.6342632805814977
Paris Basin,20.0,-2.3571490592948585,-0.6342632805814977
Paris Basin,21.0,-2.3571490592948585,-0.6342632805814977
Paris Basin,22.0,-2.767316618533745,-0.1085604423761496
Paris Basin,23.0,-2.085661055307644,0.1316181238840914
Paris Basin,24.0,-1.7360791382831204,0.408149500419376
Paris Basin,25.0,-1.563224407509642,0.3064482462774373
Paris Basin,26.0,-1.2173313450911187,0.5723939471820837
Paris Basin,27.0,-1.2173313450911187,0.5723939471820837
Paris Basin,28.0,-1.2762447680864923,0.0381966970498164
Paris Basin,29.0,-0.0894200518461115,-1.244745430462864
Paris Basin,30.0,0.3511971815002821,-1.0490058194184917
Paris Basin,31.0,0.822140688170756,-0.6344785392219142
Paris Basin,32.0,4.303041105869887,0.5912329145441623
Paris Basin,33.0,4.334518896928936,0.6415343588671928
Paris Basin,34.0,4.325722246123092,0.6279186524472719
Paris Basin,35.0,4.2788712087191785,0.4141924905739289
Paris Basin,37.0,2.524636733639143,-0.6599888752191693
Paris Basin,38.0,2.546831413265558,-0.6138494966466486
Paris Basin,39.0,2.4900560080842657,-0.5496865546167434
Paris Basin,40.0,2.746963570394406,0.1929440843907878
Paris Basin,41.0,2.338430011170717,-0.1770002791994704
Paris Basin,42.0,2.106078389613649,0.0059994306122907
Paris Basin,43.0,1.829509466417074,-0.6182033751496804
Paris Basin,44.0,3.351602996729637,-0.3010637277101946
Paris Basin,45.0,3.326662531819913,-0.2156513271113366
Paris Basin,46.0,3.323688687034543,-0.2455168834569466
Paris Basin,47.0,3.84097393463333,0.0127093015493794
Paris Basin,48.0,4.12144109586607,0.256455965536074
Paris Basin,49.0,4.655912775631673,0.0224874735856253
Sogdiana,0.0,-1.9069371894632947,0.464157345994766
Sogdiana,1.0,-1.9069371894632947,0.464157345994766
Sogdiana,2.0,-1.9069371894632947,0.464157345994766
Sogdiana,3.0,-1.9069371894632947,0.464157345994766
Sogdiana,4.0,-1.9069371894632947,0.464157345994766
Sogdiana,5.0,-1.9069371894632947,0.464157345994766
Sogdiana,6.0,-1.9069371894632947,0.464157345994766
Sogdiana,7.0,-1.9069371894632947,0.464157345994766
Sogdiana,8.0,-1.9069371894632947,0.464157345994766
Sogdiana,9.0,-1.9069371894632947,0.464157345994766
Sogdiana,10.0,-1.9069371894632947,0.464157345994766
Sogdiana,11.0,-1.9069371894632947,0.464157345994766
Sogdiana,12.0,-1.9069371894632947,0.464157345994766
Sogdiana,13.0,-1.9069371894632947,0.464157345994766
Sogdiana,14.0,-1.9069371894632947,0.464157345994766
Sogdiana,15.0,-2.480731432173753,0.4958557475506883
Sogdiana,16.0,-2.480731432173753,0.4958557475506883
Sogdiana,17.0,-2.480731432173753,0.4958557475506883
Sogdiana,18.0,-2.480731432173753,0.4958557475506883
Sogdiana,19.0,-2.480731432173753,0.4958557475506883
Sogdiana,20.0,-2.480731432173753,0.4958557475506883
Sogdiana,21.0,-2.885324424990987,0.4111379113942985
Sogdiana,22.0,-2.885324424990987,0.4111379113942985
Sogdiana,23.0,-2.885324424990987,0.4111379113942985
Sogdiana,24.0,-2.885324424990987,0.4111379113942985
Sogdiana,25.0,-1.9245427437603253,1.4807609007227025
Sogdiana,26.0,-1.2624878297581743,0.094844713407762
Sogdiana,27.0,-0.8343612976545951,0.926598426691004
Sogdiana,28.0,-1.6588531961884747,0.388660468114563
Sogdiana,29.0,-1.6588531961884747,0.388660468114563
Sogdiana,30.0,3.8790091939807847,0.2884545786507523
Sogdiana,31.0,3.87292580038962,0.2484197610723399
Sogdiana,32.0,3.6085422815990857,0.0630502036823041
Sogdiana,33.0,2.800793285994269,-0.1166656621205535
Sogdiana,34.0,2.150538082065085,-0.5506234015502086
Sogdiana,35.0,1.410640887579612,-1.099644452105551
Sogdiana,36.0,3.2139508085863984,0.0885262702003406
Sogdiana,37.0,3.154020853751677,0.0674550263263842
Sogdiana,38.0,3.245417402083554,0.2907829878396339
Sogdiana,39.0,3.3663051068679817,0.3675621578909415
Sogdiana,40.0,3.054882930590548,0.1440673362435841
Sogdiana,41.0,2.267998279102305,0.2504554537772648
Sogdiana,42.0,1.7725822318461717,-1.4639774489369104
Sogdiana,43.0,3.83921438946321,0.5596718417708381
Sogdiana,44.0,3.5881384260956275,-0.0254054048995146
Sogdiana,45.0,3.276506651343328,-0.0036690048775796
Sogdiana,46.0,2.510630582191248,-0.6767464301190783
Sogdiana,47.0,3.2055785598748474,-0.0915164443755936
Sogdiana,48.0,2.5420247454839,0.1447518694617592
Sogdiana,49.0,3.799010653125277,0.4006353566609141
Sogdiana,50.0,3.5173717657547265,0.0827464287471738
Sogdiana,51.0,3.0020311266738724,-0.5933269572283186
Sogdiana,52.0,2.99531852103184,-0.5742748946181061
Southern China Hills,0.0,0.1330807515594684,-0.3479491655669864
Susiana,0.0,-3.4078438837278777,-0.5422090411658627
Susiana,1.0,-3.4078438837278777,-0.5422090411658627
Susiana,2.0,-3.4078438837278777,-0.5422090411658627
Susiana,3.0,-3.4078438837278777,-0.5422090411658627
Susiana,4.0,-3.4078438837278777,-0.5422090411658627
Susiana,5.0,-3.4078438837278777,-0.5422090411658627
Susiana,6.0,-2.820937145951691,0.2396141518544832
Susiana,7.0,-2.820937145951691,0.2396141518544832
Susiana,8.0,-3.218912893134199,-0.2394687305385812
Susiana,9.0,-3.218912893134199,-0.2394687305385812
Susiana,10.0,-3.218912893134199,-0.2394687305385812
Susiana,11.0,-3.218912893134199,-0.2394687305385812
Susiana,12.0,-3.218912893134199,-0.2394687305385812
Susiana,13.0,-3.218912893134199,-0.2394687305385812
Susiana,14.0,-3.218912893134199,-0.2394687305385812
Susiana,15.0,-3.218912893134199,-0.2394687305385812
Susiana,16.0,-3.218912893134199,-0.2394687305385812
Susiana,17.0,-3.218912893134199,-0.2394687305385812
Susiana,18.0,-2.871123981213497,-0.5238268057209112
Susiana,19.0,-2.871123981213497,-0.5238268057209112
Susiana,20.0,-2.871123981213497,-0.5238268057209112
Susiana,21.0,-2.7753036776086786,-0.030483145002382
Susiana,22.0,-2.7753036776086786,-0.030483145002382
Susiana,23.0,-2.7753036776086786,-0.030483145002382
Susiana,24.0,-2.7753036776086786,-0.030483145002382
Susiana,25.0,-2.7753036776086786,-0.030483145002382
Susiana,26.0,-2.7753036776086786,-0.030483145002382
Susiana,27.0,-2.2293907023511847,-0.2695878897305123
Susiana,28.0,-2.1924974730159867,-0.3743063828756323
Susiana,29.0,-2.1924974730159867,-0.3743063828756323
Susiana,30.0,-2.1924974730159867,-0.3743063828756323
Susiana,31.0,-2.0068138288607558,-0.1998902186487334
Susiana,32.0,-2.0068138288607558,-0.1998902186487334
Susiana,33.0,-2.0068138288607558,-0.1998902186487334
Susiana,34.0,-2.0068138288607558,-0.1998902186487334
Susiana,35.0,-1.7129649209885576,-0.2287267895058248
Susiana,36.0,-1.7129649209885576,-0.2287267895058248
Susiana,37.0,-1.7129649209885576,-0.2287267895058248
Susiana,38.0,-1.7129649209885576,-0.2287267895058248
Susiana,39.0,-2.1339020509664595,-0.9071044039506266
Susiana,40.0,0.0112765126079716,-2.224361745730948
Susiana,41.0,0.6050466090070066,-1.2150401337055794
Susiana,42.0,0.9433891790507788,-0.8168099960868374
Susiana,43.0,0.981086543654724,-0.9582194796434684
Susiana,44.0,1.1233107169493484,-0.7671682682726357
Susiana,45.0,1.1269090259738157,-0.7670248226466313
Susiana,46.0,0.9019510655389852,-1.0750909765132364
Susiana,47.0,0.7280156455899476,-1.4569864689599994
Susiana,48.0,1.3832237272834806,-0.4469172974300665
Susiana,49.0,1.3832237272834806,-0.4469172974300665
Susiana,50.0,1.3832237272834806,-0.4469172974300665
Susiana,51.0,1.3832237272834806,-0.4469172974300665
Susiana,52.0,1.6797257365082086,-0.1243288779112361
Susiana,53.0,1.6797257365082086,-0.1243288779112361
Susiana,54.0,1.6797257365082086,-0.1243288779112361
Susiana,55.0,1.6797257365082086,-0.1243288779112361
Susiana,56.0,2.466192188682233,-0.3084155766186364
Susiana,57.0,2.439586248641384,-1.2200391437321347
Susiana,58.0,2.2235877881569284,-0.9153889063192976
Susiana,59.0,2.3174525066202465,-0.6593718067204688
Susiana,60.0,2.6514784202074777,-0.272774467396816
Susiana,61.0,2.3861982371134736,-0.1472946715525861
Susiana,62.0,1.8876382757774175,-1.0862322916016616
Susiana,63.0,2.276646479943159,0.2084673759639037
Susiana,64.0,2.184896856290392,0.1464061561573826
Susiana,65.0,1.943792160007024,0.0077384810348333
Susiana,66.0,2.566309009304679,-0.319192818425433
Susiana,67.0,2.566309009304679,-0.319192818425433
Susiana,68.0,2.566309009304679,-0.319192818425433
Susiana,69.0,1.3204761490272705,-0.3229461300144886
Susiana,70.0,1.3204761490272705,-0.3229461300144886
Susiana,71.0,1.914116640232976,0.1279806477637032
Susiana,72.0,2.789084414068294,0.2807202988934265
Susiana,73.0,3.8790091939807847,0.2884545786507523
Susiana,74.0,3.87292580038962,0.2484197610723399
Susiana,75.0,3.6085422815990857,0.0630502036823041
Susiana,76.0,2.950699723073788,-0.818339023786599
Susiana,77.0,3.4124417754373275,0.0977268265632027
Susiana,78.0,3.5042747147524542,0.2071234330056768
Susiana,79.0,2.7485130656165064,-1.1310181726624269
Susiana,80.0,2.7485130656165064,-1.1310181726624269
Susiana,81.0,3.245417402083554,0.2907829878396339
Susiana,82.0,3.3663051068679817,0.3675621578909415
Susiana,83.0,3.5634394925644,0.3433604204660216
Susiana,84.0,3.819410554024367,0.2821051864610772
Susiana,85.0,3.4396385968850303,0.4845119416255752
Susiana,86.0,3.83921438946321,0.5596718417708381
Susiana,87.0,3.4847239130209355,0.0700109409412965
Susiana,88.0,3.395290309882214,-0.1867241287695341
Susiana,89.0,3.644932319565252,0.3179337389873836
Susiana,90.0,3.530554245960188,-0.1106237067768114
Susiana,91.0,3.118218012654836,0.5210470738364615
Susiana,92.0,3.799010653125277,0.4006353566609141
Susiana,93.0,3.1555615656557063,0.0202512361738774
Susiana,94.0,3.4881467251433187,0.1775714126711666
Susiana,95.0,3.4881467251433187,0.1775714126711666
Upper Egypt,0.0,-2.852196653626468,-0.0880446831512224
Upper Egypt,1.0,-2.852196653626468,-0.0880446831512224
Upper Egypt,2.0,-2.852196653626468,-0.0880446831512224
Upper Egypt,3.0,-2.852196653626468,-0.0880446831512224
Upper Egypt,4.0,-2.852196653626468,-0.0880446831512224
Upper Egypt,5.0,-2.852196653626468,-0.0880446831512224
Upper Egypt,6.0,-2.6347420433069466,-1.46321506832186
Upper Egypt,7.0,-1.466941138955996,0.0416220343235642
Upper Egypt,8.0,-1.0454751388529715,0.286314810180075
Upper Egypt,9.0,-0.8460827683587806,0.1738850356517539
Upper Egypt,10.0,-0.646132632010488,0.2340090371844181
Upper Egypt,11.0,-0.2202635832690571,-0.0341494849489127
Upper Egypt,12.0,-0.1458484069622122,-0.0726855811825961
Upper Egypt,13.0,1.0770848818515444,0.3199510563090436
Upper Egypt,14.0,1.0770848818515444,0.3199510563090436
Upper Egypt,15.0,1.152191267257405,0.2418410559756535
Upper Egypt,16.0,1.2287364944926698,0.4074892232296268
Upper Egypt,17.0,1.237819381265747,0.4271450999142863
Upper Egypt,18.0,2.206223629589208,0.3199184332376769
Upper Egypt,19.0,2.206223629589208,0.3199184332376769
Upper Egypt,20.0,2.206223629589208,0.3199184332376769
Upper Egypt,21.0,2.0255464718014218,0.2535487622019493
Upper Egypt,22.0,2.0255464718014218,0.2535487622019493
Upper Egypt,23.0,1.2513484499992062,-0.1635378098604452
Upper Egypt,24.0,2.23717734187618,0.1770149134324873
Upper Egypt,25.0,2.2801372109962204,0.2699824810031386
Upper Egypt,26.0,2.286824639633973,0.2844544518561445
Upper Egypt,27.0,1.876495040172797,-0.2621605431525643
Upper Egypt,28.0,1.876495040172797,-0.2621605431525643
Upper Egypt,29.0,2.684508529119814,0.4323284350550453
Upper Egypt,30.0,2.7436142939059383,0.5022071445831369
Upper Egypt,31.0,2.751826310484583,0.5199784092960986
Upper Egypt,32.0,2.834034918328617,0.4660984304721933
Upper Egypt,33.0,2.812650241833634,0.4198207904852397
Upper Egypt,34.0,2.4553724514001725,0.2974254105027665
Upper Egypt,35.0,2.3265892026434525,0.1824382157194332
Upper Egypt,36.0,2.3265892026434525,0.1824382157194332
Upper Egypt,37.0,2.487683065832059,0.3591418428376414
Upper Egypt,38.0,2.6652220093688386,0.0352236478290183
Upper Egypt,39.0,3.8790091939807847,0.2884545786507523
Upper Egypt,40.0,3.055681475073773,-0.2325142831804403
Upper Egypt,41.0,3.938607717076037,-0.1855894929043283
Upper Egypt,42.0,3.902947700522848,-0.2853155257720906
Upper Egypt,43.0,3.920781318481617,-0.3497632208446536
Upper Egypt,44.0,4.303041105869887,0.5912329145441623
Upper Egypt,45.0,4.334518896928936,0.6415343588671928
Upper Egypt,46.0,4.325722246123092,0.6279186524472719
Upper Egypt,47.0,4.2788712087191785,0.4141924905739289
Upper Egypt,48.0,4.186991906580288,0.0661600427204957
Upper Egypt,49.0,4.279264832347214,0.1345964868055085
Upper Egypt,50.0,4.091116761325942,0.0289084144446529
Upper Egypt,51.0,3.4396385968850303,0.4845119416255752
Upper Egypt,52.0,3.83921438946321,0.5596718417708381
Upper Egypt,53.0,3.1929471654949944,-0.0041716551680848
Upper Egypt,54.0,3.7888300637708494,-0.0136495172030687
Upper Egypt,55.0,3.625103580904422,-0.2478712541533131
Upper Egypt,56.0,3.5221759158823485,0.0656111407216009
Upper Egypt,57.0,3.9713658489142816,0.1236819243663125
Upper Egypt,58.0,4.005013760424331,0.1143490297090588
Upper Egypt,59.0,3.928723684176541,0.0114562298756534
Upper Egypt,60.0,4.588807182625176,0.3556008586421531
Upper Egypt,61.0,4.629072387307457,0.3626355846109577
Valley of Oaxaca,0.0,-3.5812862969347434,-0.1110987237664296
Valley of Oaxaca,1.0,-3.5812862969347434,-0.1110987237664296
Valley of Oaxaca,2.0,-3.5812862969347434,-0.1110987237664296
Valley of Oaxaca,3.0,-3.077557763728202,0.6328840685424428
Valley of Oaxaca,4.0,-3.077557763728202,0.6328840685424428
Valley of Oaxaca,5.0,-3.077557763728202,0.6328840685424428
Valley of Oaxaca,6.0,-3.077557763728202,0.6328840685424428
Valley of Oaxaca,7.0,-2.496677414754656,0.4008464801544157
Valley of Oaxaca,8.0,-2.496677414754656,0.4008464801544157
Valley of Oaxaca,9.0,-2.32182891696723,0.7483100536420275
Valley of Oaxaca,10.0,-2.207968148772304,0.7988915125432666
Valley of Oaxaca,11.0,-1.0105802679901024,0.7008373951237293
Valley of Oaxaca,12.0,-1.0105802679901024,0.7008373951237293
Valley of Oaxaca,13.0,-1.0670528518550215,1.122933323138113
Valley of Oaxaca,14.0,-1.0670528518550215,1.122933323138113
Valley of Oaxaca,15.0,-1.0670528518550215,1.122933323138113
Valley of Oaxaca,16.0,-1.0591727077163775,1.226367012353936
Valley of Oaxaca,17.0,-1.0591727077163775,1.226367012353936
Valley of Oaxaca,18.0,-1.0591727077163775,1.226367012353936
Valley of Oaxaca,19.0,-0.988821951543293,0.3537684436897225
Valley of Oaxaca,20.0,-0.988821951543293,0.3537684436897225
Valley of Oaxaca,21.0,-0.7122250038397394,1.0476291895789462
Valley of Oaxaca,22.0,-0.7122250038397394,1.0476291895789462
Valley of Oaxaca,23.0,-1.184103238545467,0.6896992805222499
Valley of Oaxaca,24.0,-1.1387014602385228,0.7501498440519311
Valley of Oaxaca,25.0,-1.1387014602385228,0.7501498440519311
Valley of Oaxaca,26.0,-1.1387014602385228,0.7501498440519311
Valley of Oaxaca,27.0,-1.1387014602385228,0.7501498440519311
Valley of Oaxaca,28.0,-1.1387014602385228,0.7501498440519311
Valley of Oaxaca,29.0,-1.1387014602385228,0.7501498440519311
Yemeni Coastal Plain,0.0,2.3517202785449323,-0.5359299406537934
Yemeni Coastal Plain,1.0,2.3517202785449323,-0.5359299406537934
Yemeni Coastal Plain,2.0,3.819410554024367,0.2821051864610772
Yemeni Coastal Plain,3.0,3.4396385968850303,0.4845119416255752
Yemeni Coastal Plain,5.0,1.874459151743646,-1.151662601446747
Yemeni Coastal Plain,6.0,1.874459151743646,-1.151662601446747
Yemeni Coastal Plain,7.0,2.595926120670184,-1.181861149833421
Yemeni Coastal Plain,8.0,3.5221759158823485,0.0656111407216009
Yemeni Coastal Plain,9.0,3.3096011723084446,-0.2992316484661612
Yemeni Coastal Plain,10.0,3.3096011723084446,-0.2992316484661612
Yemeni Coastal Plain,11.0,3.2343565436203874,-0.7061363675532594
Yemeni Coastal Plain,12.0,4.588807182625176,0.3556008586421531
Yemeni Coastal Plain,13.0,1.2472560512015982,-0.0198751212713749
Yemeni Coastal Plain,14.0,1.2472560512015982,-0.0198751212713749
